"county_name","confirmed_cases","deaths","total_pop","median_income","income_per_capita","poverty","employed_pop","bachelors_degree_or_higher_25_64","male_65_to_66","male_67_to_69","male_70_to_74","male_75_to_79","male_80_to_84","male_85_and_over","female_65_to_66","female_67_to_69","female_70_to_74","female_75_to_79","female_80_to_84","female_85_and_over","households","commuters_by_public_transportation","num_hospital"
"hansford",673,17,5532,40678,21989,1017,2394,399,73,49,119,109,18,24,31,91,97,118,52,77,1924,9,1
"stonewall",134,4,1084,46786,28063,143,442,74,6,35,41,4,51,21,13,31,26,18,21,16,458,0,1
"cochran",216,12,2932,37500,19195,717,1189,138,20,50,34,53,29,19,14,52,39,66,47,15,1000,7,1
"crockett",472,13,3836,52310,23296,787,1733,149,3,59,50,78,16,4,22,39,139,51,46,36,1411,0,NA
"mcculloch",467,12,8145,42367,23398,1296,3658,556,106,111,296,94,139,60,147,117,228,156,134,148,3143,2,1
"sherman",118,11,3067,54961,25358,448,1604,357,40,49,32,32,31,7,25,56,38,53,38,28,1063,7,1
"briscoe",114,3,1591,42500,23199,220,729,168,7,27,59,28,35,16,17,31,56,41,29,22,664,0,NA
"terry",1475,46,12755,42441,21938,1590,4556,814,76,131,261,184,62,82,225,101,257,146,242,139,4142,12,1
"cottle",176,7,1498,33534,20566,364,651,110,17,42,49,49,15,6,31,27,59,61,16,12,664,2,NA
"sutton",406,6,3894,60996,31603,251,1827,392,122,82,47,56,34,28,40,58,77,40,55,16,1573,0,1
"kimble",227,6,4432,41095,26982,965,2027,332,77,129,140,104,87,60,129,95,153,170,55,133,1941,0,1
"menard",180,5,2123,37917,23613,201,1014,125,19,29,112,62,45,27,21,75,97,59,8,24,964,0,NA
"jim hogg",494,11,5262,31403,17761,1353,1646,288,55,147,88,49,37,8,140,54,144,145,56,56,1587,19,NA
"crane",487,11,4836,63935,24582,551,2023,263,58,32,69,28,35,14,30,59,90,58,38,41,1479,34,1
"edwards",207,3,2111,48462,28968,147,888,224,52,86,45,88,30,3,48,29,142,33,32,13,634,0,1
"kinney",258,3,3631,34926,21395,354,1351,222,14,147,64,9,57,55,6,20,165,21,23,58,1200,16,NA
"winkler",639,15,7777,55000,23483,1378,3267,375,72,62,81,66,51,61,62,86,103,86,51,92,2524,0,1
"marion",401,20,10140,36938,25933,2225,3635,769,154,337,245,197,190,83,203,198,349,281,155,95,4457,0,33
"armstrong",128,6,1929,68750,31219,140,968,222,32,27,46,34,11,17,31,43,47,32,41,40,702,0,1
"san augustine",496,26,8403,32394,21066,1982,2493,347,61,228,285,159,130,83,127,255,243,215,99,172,3202,0,1
"brooks",685,29,7251,24794,13549,2781,2489,437,104,63,85,129,83,35,60,111,144,127,94,38,2022,1,1
"crosby",383,22,5895,38674,20057,1209,2519,353,90,74,93,103,57,27,73,74,153,123,56,92,2064,0,1
"somervell",883,8,8650,52346,27095,1805,3671,843,194,144,159,77,59,117,223,91,150,94,147,123,3234,12,1
"reagan",358,7,3735,59760,25273,667,1752,211,35,45,36,64,0,30,42,41,28,24,24,44,1171,0,1
"baylor",274,9,3602,36157,30820,458,1434,469,50,42,109,31,107,33,71,71,89,98,102,58,1644,0,1
"martin",569,18,5547,71115,28560,382,2527,495,27,98,83,30,61,49,28,81,74,50,46,46,1635,0,5
"san jacinto",634,21,27436,43421,22308,4679,10221,1043,408,412,845,503,439,88,283,638,793,662,256,255,9414,0,NA
"oldham",167,2,2083,62426,25461,170,776,214,32,15,40,35,12,9,24,20,45,25,21,9,581,0,1
"dickens",136,7,2224,43088,24171,345,747,182,25,33,62,76,36,15,41,51,79,37,38,9,832,2,NA
"mills",344,16,4887,46318,24858,703,2055,533,53,141,100,108,149,80,75,113,145,138,120,122,1833,0,NA
"yoakum",801,24,8481,62500,23681,1043,3755,571,43,110,123,76,57,25,59,59,168,168,51,5,2652,0,1
"zavala",1208,28,12152,25988,13105,4318,4397,445,166,145,71,144,60,109,87,207,226,216,107,76,3536,16,NA
"collingsworth",237,8,3026,46348,21356,445,1386,232,44,55,56,24,19,27,21,66,75,24,41,105,1099,0,1
"schleicher",189,6,3122,63432,28112,320,1475,286,47,44,57,47,22,16,40,41,73,68,33,15,1102,10,1
"refugio",536,17,7293,50338,23959,1181,2961,364,62,191,141,141,97,58,94,179,203,158,59,153,2694,0,1
"franklin",565,16,10639,43967,23642,1582,4397,865,111,185,293,185,156,61,58,302,270,239,183,84,3931,18,44
"culberson",294,4,2257,33125,16763,660,974,95,54,19,64,63,22,28,11,48,43,7,30,55,735,0,1
"shackelford",187,1,3348,46685,24296,586,1508,455,40,66,55,56,51,12,25,64,76,50,57,54,1257,0,NA
"knox",207,12,3753,46319,21046,529,1504,355,27,54,75,53,40,38,31,56,82,85,99,50,1376,0,13
"wheeler",431,9,5599,50910,25809,1056,2551,395,76,98,126,97,41,50,81,77,128,71,86,87,2287,0,2
"rains",632,20,11246,48308,23976,1462,4601,595,190,299,345,279,163,17,157,266,361,359,123,83,4333,0,NA
"upton",286,7,3575,52750,25290,630,1398,168,29,41,62,32,37,20,66,19,42,37,62,35,1308,5,2
"la salle",814,15,7418,44601,26268,535,2716,540,104,125,133,55,125,0,82,113,150,62,153,59,2286,0,4
"sabine",452,28,10429,33561,20876,2057,3379,674,81,339,530,360,147,102,177,357,350,254,140,282,3811,8,2
"jack",530,12,8839,52829,25553,1395,3160,511,88,118,186,121,54,80,109,96,222,94,96,153,3075,0,1
"goliad",299,9,7510,56737,30075,1215,2994,630,182,149,129,125,144,37,134,138,194,194,121,30,2755,0,NA
"newton",469,20,14187,40180,20800,2202,4971,635,232,226,340,228,160,83,189,349,288,334,204,72,4781,24,2
"morris",672,15,12530,40227,22803,1945,5044,1087,97,284,268,220,168,131,173,255,304,332,152,228,5024,13,5
"hemphill",451,2,4152,68679,29470,363,1898,364,49,84,23,21,40,22,52,57,63,21,35,48,1358,0,1
"swisher",682,14,7541,37883,18878,1525,2704,482,92,112,150,107,74,68,103,93,155,155,101,120,2602,6,1
"colorado",1251,17,20913,50241,26689,2466,9491,1925,352,396,372,244,247,316,366,291,444,418,279,450,7603,101,2
"floyd",631,25,5953,48767,24347,1076,2444,453,23,71,154,99,60,78,70,85,186,83,104,88,2320,19,9
"lynn",571,18,5785,44922,26758,1032,2419,512,86,87,78,84,72,46,62,109,140,106,48,54,2147,2,1
"hall",353,11,3102,31324,20022,673,1125,180,24,74,80,63,42,48,34,89,74,88,45,42,1244,0,3
"hamilton",546,21,8220,46611,26522,1273,3584,887,89,170,251,242,39,159,104,167,277,180,152,254,3157,0,29
"karnes",1387,26,15051,53051,27011,2377,5433,1026,165,169,203,224,109,96,146,115,301,208,189,225,4303,6,1
"donley",289,8,3433,44429,23212,468,1421,244,34,69,84,96,35,34,28,93,119,104,59,48,1230,0,NA
"montague",1713,46,19406,46592,26278,2948,7938,1442,274,326,559,397,227,229,309,369,593,462,306,237,8044,46,1
"hardeman",319,9,3990,37995,21517,548,1695,301,62,48,127,73,36,16,42,103,89,75,47,81,1533,0,3
"fisher",266,10,3875,45294,27750,666,1728,352,47,57,109,114,61,27,80,108,82,102,53,70,1696,0,1
"ochiltree",965,19,10484,50120,24157,1351,4679,924,77,114,102,105,31,46,72,81,172,112,99,43,3549,0,1
"dimmit",904,13,10822,31384,17939,3237,3805,438,52,235,138,97,94,98,203,92,191,124,81,188,3476,15,1
"parmer",1113,32,9871,50410,21876,1676,4411,760,59,145,191,61,91,53,54,150,154,111,114,111,3222,40,1
"willacy",1970,69,21839,29104,13369,7157,6415,1000,112,238,399,251,132,140,113,213,512,339,223,186,5737,0,NA
"lipscomb",248,10,3495,59583,29995,361,1653,320,22,40,50,71,12,27,22,30,60,73,56,58,1276,0,NA
"grimes",1889,52,27358,49745,23585,4444,10403,1689,280,468,634,423,209,161,270,437,565,418,249,262,8980,0,1
"clay",874,13,10369,46863,27593,1539,4373,931,134,190,300,203,123,118,122,177,357,260,152,78,4076,0,16
"gillespie",1830,32,25939,56267,32557,3175,11800,3622,408,557,823,844,379,428,414,783,850,727,532,689,10795,59,1
"carson",331,11,6033,67010,31788,381,2896,875,63,100,112,107,69,40,80,89,137,126,69,55,2292,4,NA
"falls",1308,22,17289,38834,17755,3917,5774,902,160,262,343,260,156,186,140,403,263,269,217,276,5405,64,1
"ward",953,13,11498,63333,26860,1313,4823,715,69,200,171,157,72,59,116,147,185,204,112,122,3954,0,3
"duval",1058,32,11434,35443,19085,2731,3950,433,140,174,251,112,216,66,175,211,198,275,128,114,3845,0,10
"archer",694,10,8793,63192,31103,769,4344,1178,173,115,139,147,76,111,117,147,199,112,169,142,3351,14,NA
"gonzales",1962,29,20558,47516,23635,3469,8939,1288,229,261,447,249,217,121,267,317,370,289,220,292,7018,115,1
"delta",213,5,5172,42642,22732,1168,1980,444,60,93,140,80,63,38,63,91,159,48,61,132,2035,11,2
"wood",2553,85,43315,48038,25955,5580,15960,2998,619,1008,1477,1119,564,631,736,1076,1702,1120,861,718,16122,52,7
"scurry",2270,46,17346,54565,24140,1988,6772,1310,122,311,197,254,106,126,122,341,261,243,264,192,5838,22,1
"concho",245,4,3858,46696,17513,221,1023,213,52,48,110,86,30,21,73,50,31,40,43,83,791,0,1
"wharton",2988,84,41430,50145,25867,7122,18767,3033,565,518,648,370,395,422,346,513,1015,693,577,541,15224,69,1
"garza",278,18,6739,53832,20635,646,2445,368,11,70,92,90,68,21,34,88,88,126,24,49,1715,0,NA
"camp",969,32,12670,41811,21069,2191,5274,1003,149,240,202,276,139,74,212,198,259,216,139,150,4730,23,1
"nolan",1399,38,14990,42019,23686,2445,6316,903,262,143,314,193,95,171,171,200,370,250,208,253,5552,0,1
"stephens",629,19,9365,45862,23044,1870,3730,760,109,132,234,116,67,122,116,249,158,134,173,169,3361,20,3
"hudspeth",466,8,3702,26346,12543,1109,1083,152,76,64,92,33,48,0,27,72,77,64,16,34,890,0,NA
"eastland",972,23,18278,32135,20433,3023,6910,1140,152,252,657,439,125,227,175,420,523,355,346,323,6437,0,1
"jackson",1284,23,14756,58504,26809,1962,6760,1375,188,201,205,190,127,168,143,190,357,252,218,209,5232,121,32
"trinity",503,12,14481,37398,20369,2643,4946,689,235,298,535,382,254,102,262,264,557,465,252,180,5934,26,1
"austin",1404,18,29292,62614,30101,3891,13509,3493,301,403,780,418,275,246,431,536,754,452,317,368,11021,8,1
"blanco",318,11,11089,58500,31249,1180,5106,1430,70,317,432,162,230,56,288,231,329,228,148,134,4230,0,NA
"lamb",1799,73,13368,43712,21760,2686,5671,1100,165,165,146,154,192,112,82,159,324,249,173,213,4790,8,1
"freestone",988,30,19646,45890,24060,3122,7422,1184,239,339,434,251,197,215,315,365,456,368,370,175,7232,7,1
"dawson",1575,59,13095,43201,21360,2078,4968,865,129,146,170,97,143,119,91,196,275,188,203,135,4339,12,5
"frio",2148,24,19110,37382,16833,3227,6859,691,88,294,357,191,138,70,150,234,270,180,194,189,4530,13,1
"hutchinson",1253,57,21704,50035,25154,3541,9149,1550,321,282,308,351,174,155,229,290,393,294,286,243,7799,0,3
"cass",1499,59,30118,41432,22145,5471,11991,2205,363,481,872,531,360,225,383,574,913,592,458,586,11811,25,10
"lee",1182,34,16850,55741,26740,2251,7894,1534,143,219,418,310,142,124,165,266,426,247,227,227,6118,0,12
"reeves",1522,33,14791,49390,18992,1617,5140,792,151,96,183,195,107,156,144,154,214,165,143,188,3731,0,1
"fannin",2439,66,33787,47875,23212,4580,13407,2757,362,694,768,493,343,387,460,612,744,625,425,446,12027,0,2
"howard",4196,79,36491,50855,22994,4344,14393,2542,267,465,537,410,231,239,253,395,593,446,391,345,11032,57,8
"comal",7314,190,129100,73655,35841,11827,59833,23901,1619,2267,2849,1622,1214,1015,1708,2041,3399,2077,1360,1444,47253,113,1
"real",263,12,3358,36493,20873,657,1281,342,66,50,144,74,188,32,48,45,130,53,186,129,1123,0,NA
"san saba",487,15,5851,40301,22481,897,2475,388,109,52,185,126,77,31,85,98,199,123,139,60,2135,0,NA
"red river",549,31,12353,35356,21177,1995,4770,866,116,265,419,309,106,87,155,385,341,230,175,286,5218,1,1
"dewitt",1553,50,20474,50960,28116,2975,7965,1563,360,290,298,425,157,138,296,352,452,359,280,453,7260,11,2
"mclennan",21894,344,245720,46262,24273,45691,112592,26301,2331,2570,3581,2708,1669,1660,2569,3235,4136,3273,2653,3118,88208,482,3
"grayson",8983,225,126146,52683,26535,17605,57373,12688,1493,1875,2668,1651,1128,881,1621,2103,2987,1964,1568,1774,47550,203,4
"johnson",14435,213,160173,60458,26574,17201,72273,15284,1569,1933,2709,1873,1057,616,1597,2447,2983,2186,1249,1372,55467,107,24
"polk",2492,70,46974,43267,23023,8120,17988,2833,680,779,1485,622,569,230,834,796,1224,720,423,455,17632,154,20
"kendall",1890,44,40306,81023,39517,2255,18640,7940,518,730,881,603,445,194,478,662,1115,690,422,741,13691,19,NA
"cooke",2806,48,39064,60027,29067,5313,18724,4180,359,883,613,553,484,270,622,651,911,639,418,576,15185,21,2
"hidalgo",56455,2018,839539,37097,15883,263891,313678,71969,5589,7190,9536,7501,5437,3801,6419,8202,12096,9295,6087,6414,232523,960,6
"jefferson",15937,263,254574,46315,25370,46222,105319,25150,2582,3064,3307,2756,1822,1608,2343,3352,4523,3763,2755,2964,94020,555,55
"moore",2116,57,22016,52469,21372,3677,10591,1343,104,270,209,206,92,129,238,250,177,132,172,182,6725,42,2
"palo pinto",2298,50,28109,45067,24840,5048,11724,1976,298,534,618,433,367,179,412,542,605,585,359,328,10441,53,1
"van zandt",3154,77,53607,50061,25394,7489,22384,4396,909,796,1217,1159,616,271,785,1115,1321,968,793,727,19354,12,NA
"washington",1668,69,34667,55793,28517,4298,14897,3731,430,583,819,505,364,405,510,491,952,473,547,966,12205,18,49
"cameron",32698,1126,420201,36095,16085,129912,153938,34252,3869,4388,5284,4565,2976,2219,4023,5040,6692,5532,4321,3721,122188,835,7
"rockwall",8222,78,90414,93269,38933,5222,44335,19720,750,1081,1289,957,284,363,1062,973,1403,1146,452,816,30365,327,1
"parker",11314,115,125963,70608,33367,11339,58626,18911,1315,1965,2437,1627,794,717,1172,1822,2932,1846,916,1131,43942,103,1
"angelina",6765,193,87700,46472,21974,16222,36164,7183,743,1457,1289,1165,616,555,913,1494,1733,1133,961,1326,30931,126,3
"uvalde",2733,48,27015,40781,19146,4735,11605,1814,305,281,571,182,465,175,304,295,725,406,436,286,8624,0,1
"gregg",8451,221,123402,47970,25144,21028,55237,12221,968,1635,1812,1625,833,660,1191,1993,2080,1819,1450,1778,45615,82,2
"tyler",999,19,21456,44396,21172,2947,6746,1194,247,334,613,340,221,264,360,552,522,513,267,293,7312,3,2
"llano",805,30,20195,50524,35680,2495,7660,2046,457,618,800,720,454,363,551,581,883,832,546,357,8681,0,1
"comanche",1118,36,13492,42419,22751,2407,5454,1070,235,312,342,286,218,100,200,328,391,233,259,309,5107,0,6
"hartley",317,2,5821,64427,20676,347,2049,536,36,54,135,70,34,46,64,51,114,95,50,61,1754,0,NA
"castro",832,22,7891,44643,22292,1232,3289,543,73,75,140,106,80,69,40,145,151,90,94,79,2462,0,1
"runnels",1085,28,10266,41226,22190,1624,4184,1017,156,146,241,184,101,114,120,170,274,241,135,212,3781,0,2
"gray",1773,40,22962,48314,23457,3169,9498,1418,235,275,407,248,247,194,288,273,418,355,328,349,7971,0,1
"atascosa",3781,90,48139,55194,23973,6961,20208,3415,571,616,723,615,412,167,473,896,683,482,525,533,15509,15,1
"lampasas",913,17,20473,54467,26405,2429,8612,1899,203,327,515,355,191,110,137,439,560,369,192,233,7748,20,1
"harrison",3575,71,66606,48644,25123,11605,27603,6318,699,695,1523,810,469,405,699,1157,1340,919,774,906,23363,7,14
"aransas",895,26,24832,44601,29999,4344,10387,1768,446,729,667,727,382,180,414,718,764,674,365,361,9529,0,NA
"ellis",16403,201,164092,67371,28612,17014,78597,19142,1411,2012,2396,1599,774,629,1719,2009,2702,1955,1410,1140,54725,325,4
"lamar",4956,112,49401,42198,23625,8644,21134,4130,477,713,1234,870,312,360,530,1007,1271,865,780,673,19085,19,3
"bell",16512,214,336506,52583,25017,46671,135361,40917,2668,2988,3630,2632,1478,1502,2770,3457,4548,2985,2306,2776,116397,664,7
"smith",15406,309,222277,50742,26270,35438,98488,27121,1912,3134,3974,2823,2049,1344,2341,3025,5043,3955,2449,2605,77801,198,7
"victoria",6672,134,91518,55740,28181,13328,43077,9169,920,1258,1456,858,883,658,969,1227,1984,1209,899,1376,32734,373,2
"kaufman",11450,154,114852,63926,26631,14073,53146,12897,805,1382,1757,889,762,411,1053,1522,1817,1303,900,913,36525,155,2
"bee",3082,53,32729,45415,17504,4926,10125,1428,355,349,355,295,233,147,218,380,523,311,294,383,8531,0,1
"wilson",2790,41,47205,71942,29862,4705,21002,5162,640,669,794,609,294,309,679,592,790,512,326,649,15755,0,5
"rusk",3065,65,53026,49270,23521,7576,20340,3985,445,723,1117,685,501,358,644,727,1071,881,596,664,17982,0,2
"presidio",615,19,7191,26486,15329,1893,2426,614,130,66,211,214,30,65,131,166,167,207,104,82,2589,28,NA
"liberty",5116,111,79884,48344,22153,11781,28685,3962,908,917,1293,752,576,251,959,960,1415,772,754,663,25974,78,5
"taylor",13275,263,135371,49161,25419,20783,62872,15022,1033,1461,2132,1426,1118,882,1246,1645,2601,1848,1767,1712,49443,418,6
"bastrop",4373,57,80306,59185,25172,10322,33500,8415,958,1117,1425,604,556,504,746,1441,1480,800,652,832,26015,77,2
"ector",12222,269,155744,59528,27728,18882,72576,11890,1091,1156,1623,1016,864,633,1054,1769,1744,1351,1151,1341,51475,310,2
"jeff davis",116,1,2236,46534,25167,145,911,334,47,42,193,25,59,4,42,55,132,44,33,22,1007,0,1
"callahan",931,28,13660,40945,22205,2109,5128,1054,117,217,401,185,209,113,192,200,375,342,165,146,5291,0,NA
"mitchell",535,21,8774,52194,19741,496,2801,526,135,83,142,113,97,39,91,71,161,130,58,145,2639,7,5
"andrews",1606,37,17577,70753,29903,2082,8054,824,105,166,181,116,150,78,142,161,205,181,173,130,5413,0,1
"haskell",355,17,5806,43529,21120,958,2180,377,59,94,138,83,86,93,59,121,150,115,104,127,2128,0,3
"robertson",1069,25,16727,52189,23337,2505,7180,1291,162,317,378,229,127,172,211,318,375,260,184,295,6298,0,1
"hockley",2049,91,23273,49184,22673,3354,10337,1571,231,225,379,256,184,134,207,317,416,327,245,222,8065,12,1
"bandera",820,20,21316,56413,29177,3467,8682,2527,359,574,769,396,366,258,355,504,760,637,203,252,8278,10,NA
"starr",7460,214,63420,27133,13167,21968,21423,3074,531,437,801,676,361,279,491,581,1103,1046,304,413,16320,82,1
"bosque",988,20,17955,48677,25763,2737,7475,1401,194,533,509,411,248,170,299,364,569,452,291,284,7027,4,1
"burleson",1093,22,17596,52510,27112,2620,7697,1316,210,294,506,245,165,211,291,380,449,367,218,201,6565,26,1
"jones",2569,35,19969,48601,17960,2021,5057,1248,176,260,396,261,74,222,177,325,375,296,217,148,5635,1,3
"dallam",466,20,7207,45580,25221,1139,3501,436,74,51,69,80,68,40,21,90,119,57,69,37,2432,15,1
"bailey",742,15,7098,43523,18662,1529,3157,563,114,33,119,69,90,55,59,112,74,173,50,65,2230,0,1
"pecos",1313,26,15804,50543,19088,1580,6103,823,93,151,301,231,58,147,106,183,251,200,90,168,4420,36,2
"coleman",579,20,8422,40804,26436,1701,3310,533,86,239,247,166,150,52,158,135,207,197,151,84,3470,3,1
"lavaca",1862,62,19859,51708,29946,2030,8843,1750,270,369,443,358,275,249,236,455,521,527,380,380,7684,21,2
"live oak",967,16,12043,51480,22847,1703,4301,764,236,156,304,194,108,158,221,108,327,188,116,272,3586,0,NA
"deaf smith",2418,60,18947,51543,21209,3373,8619,1174,188,168,232,261,52,114,235,234,236,163,205,181,6118,41,1
"childress",1292,13,7064,40432,18694,1124,2515,741,36,66,144,78,66,10,46,65,188,61,148,164,2282,0,1
"zapata",1338,20,14415,34550,17817,4873,5146,702,67,177,263,181,106,41,119,205,197,275,117,84,4457,0,NA
"hill",2398,47,35098,45970,23342,5967,14579,2544,382,657,976,571,462,300,571,671,863,783,405,456,12674,5,2
"milam",1577,19,24479,41768,22911,3845,9527,1783,273,442,605,518,218,189,319,468,585,489,270,416,9437,27,NA
"leon",875,28,16966,44875,27096,2741,6574,1148,266,370,508,257,159,321,372,394,455,375,219,283,6245,0,3
"shelby",1278,45,25689,38121,20686,5852,9432,1857,277,378,457,469,266,82,240,396,622,468,229,344,9218,43,17
"limestone",1420,34,23480,40356,21093,4671,8824,1438,216,510,431,382,244,152,297,403,535,364,293,348,8100,3,3
"jasper",1965,48,35444,41960,21402,5772,12541,1781,345,571,992,416,348,325,550,704,730,555,485,517,11974,24,9
"hardin",4080,69,55993,56131,29693,6669,24056,5188,614,762,1174,648,362,402,740,901,1193,767,706,556,20739,37,8
"burnet",2196,34,45017,57173,29247,5473,19567,4776,738,800,1289,956,508,235,497,1035,1376,854,792,586,16545,39,2
"henderson",4434,106,79687,44888,24315,14023,31087,6849,996,1411,2086,1589,1023,626,1128,1644,2428,1550,1305,1162,30459,38,5
"guadalupe",9123,128,150889,66187,29300,15774,70169,22389,1373,1872,2339,1557,1119,688,1772,2096,2357,1857,1418,1262,51990,143,2
"tarrant",195518,1798,1983675,62532,30857,264575,974947,332990,15468,20517,22476,14655,9864,7456,17532,22549,27962,20143,14069,15398,689921,5669,28
"hays",14460,130,194843,62815,29253,28737,99069,34785,1561,2152,2464,1572,785,529,1498,2190,2967,2010,1128,983,68045,800,5
"caldwell",2738,55,40544,51346,23366,6819,18238,2780,450,456,634,381,244,259,446,528,701,522,370,371,12894,35,5
"orange",5946,81,83909,53667,27938,11759,36743,6942,904,984,1486,1084,599,481,915,1316,1655,1328,891,923,32272,67,43
"maverick",8320,223,57471,37734,16658,13973,21113,3474,386,586,665,683,357,107,317,761,911,704,609,340,16416,59,1
"titus",3137,60,32664,46980,21090,6193,14307,2341,312,372,461,367,223,207,297,434,617,415,346,321,10675,57,1
"anderson",5575,75,57747,42313,17466,6935,19102,3609,571,804,1040,646,396,309,501,811,1110,803,692,451,16567,39,7
"erath",3470,42,41016,47013,23511,8807,19076,5199,553,393,591,371,359,240,479,621,577,610,412,460,13827,57,1
"wise",5384,84,63247,59081,27447,8042,27736,5980,544,1156,1167,798,294,412,671,972,1365,803,565,481,21691,39,3
"chambers",3431,13,39283,74368,31412,5031,16713,4400,266,612,399,340,195,144,470,428,503,399,165,272,13320,30,2
"nueces",31926,517,358484,53317,26780,58409,165116,38602,3584,4088,5422,3396,2599,1996,3484,4738,6317,4986,3825,3416,128857,2197,4
"young",1685,32,18166,46351,25661,2939,8248,1771,228,277,350,268,215,211,319,376,305,369,289,376,7066,0,2
"hale",5668,135,34527,46012,19205,6358,14267,2656,281,373,516,358,278,243,232,391,613,411,329,443,11217,50,3
"houston",1360,30,22849,33552,17884,4833,7642,1593,258,381,606,416,383,201,303,355,668,430,345,426,8328,0,7
"upshur",2595,42,40506,48796,24088,5513,16720,3388,468,549,884,613,442,243,465,680,860,782,472,508,14061,40,1
"gaines",1302,36,19889,58167,22656,2180,8134,970,100,146,207,110,96,151,78,148,257,208,92,120,5716,0,1
"brewster",945,8,9220,38906,26073,981,4151,1792,84,301,201,259,41,18,107,136,307,125,126,158,3932,0,1
"mason",340,4,4122,40949,24519,518,2173,338,72,150,165,47,72,8,98,138,122,125,31,40,1622,0,5
"wilbarger",1707,41,12972,43913,21938,2091,6329,945,116,120,378,139,164,69,107,140,338,242,183,161,5155,0,1
"panola",1228,49,23574,49704,26205,3510,9855,1768,202,396,501,341,265,151,246,389,570,526,274,211,9032,48,2
"fayette",1447,43,24963,56941,30405,2220,11626,2278,474,509,634,480,381,254,368,506,746,477,518,576,9298,22,18
"brown",3382,81,37787,43062,24040,5913,15238,3203,464,540,974,627,482,225,325,724,1101,776,499,513,13835,52,14
"hopkins",2518,86,35929,47832,24236,6312,15408,3019,427,557,664,522,455,167,306,745,874,634,535,435,13287,42,2
"kleberg",1981,63,31540,41700,19806,7003,13683,3443,297,368,401,470,139,140,284,422,511,451,315,220,10958,0,1
"nacogdoches",3506,111,65411,41482,22589,14894,28199,7273,458,828,1096,663,444,308,535,833,1202,924,506,831,23825,41,2
"midland",13334,202,159883,75815,38545,13714,80471,22130,1300,1278,1595,1268,835,839,1403,1640,1646,1674,1298,1610,55045,194,3
"potter",15947,302,121230,41852,21941,24720,52859,8885,974,1250,1528,1035,502,850,948,1536,1672,1581,1122,1092,43453,474,5
"randall",15104,208,130552,65564,32922,12247,68640,20544,1048,1652,2187,1253,1044,815,1352,1953,2301,1967,1465,1092,49118,209,NA
"galveston",26898,251,321184,65702,33870,43721,149076,51882,3258,4255,4859,2819,2196,1701,3401,4459,5580,3661,3335,2732,117455,1362,3
"val verde",6331,158,48976,44609,20160,9849,18667,4461,378,668,730,591,374,349,539,778,677,711,439,576,15189,71,1
"hunt",4557,103,90322,49319,23942,16430,38753,8559,975,1375,1655,1258,659,464,986,1371,1983,1333,1002,1038,31781,18,2
"matagorda",2602,72,36744,44896,23294,7464,16009,2423,336,462,821,475,370,251,435,517,610,563,365,561,13811,144,2
"walker",7008,93,70818,41456,17194,12653,24044,7136,760,670,1181,721,444,282,597,862,1007,674,480,795,21294,30,2
"wichita",13325,260,131778,45776,23263,22027,55552,14909,1024,1497,2006,1297,1200,759,1257,1620,2457,1869,1545,1843,48528,478,6
"calhoun",1361,13,21821,58788,26909,3409,9676,1692,312,341,384,347,185,155,265,283,452,269,247,369,7733,44,9
"lubbock",45600,648,298042,49078,26196,53614,145154,40656,2131,3066,3802,2808,1939,1418,2822,3449,4335,3789,2833,2833,110275,1270,6
"madison",1162,21,13979,44004,17436,1516,4249,901,140,156,311,165,188,33,85,233,239,208,148,195,4174,0,30
"jim wells",3417,70,41318,41103,20631,9382,16282,2392,459,518,621,473,289,284,491,588,671,524,517,473,13614,0,1
"navarro",4798,71,48239,45103,22152,8913,20325,3543,450,908,881,573,441,297,494,782,1153,764,537,642,17326,77,1
"cherokee",3491,92,51594,44294,21102,9090,20526,4298,387,965,1051,615,646,325,830,753,988,824,702,571,17885,0,13
"hood",5050,85,55418,60275,32578,6722,22905,6776,1028,1064,1527,1399,719,483,890,1306,1756,1384,878,876,21527,48,1
"kerr",3020,61,50761,48698,28484,6760,21475,5152,711,1066,1628,1130,959,759,684,1180,1938,1328,901,1256,20580,7,2
"bowie",4876,139,93635,46283,24761,15750,36668,9060,890,1500,1551,1164,647,645,1047,1421,2094,1684,900,1270,33171,125,2
"san patricio",3450,111,66867,53332,24613,10061,28869,4670,572,1055,1070,818,477,336,912,757,1250,820,756,611,23246,63,1
"coryell",4312,45,75818,50865,21171,8174,23306,6131,643,545,705,536,359,226,573,817,870,749,332,588,22424,113,1
"tom green",11547,204,116906,49662,27513,14339,53414,13871,1133,1499,1787,1096,1119,935,914,1936,2130,1991,1201,1338,43081,85,2
"medina",3253,62,48548,59305,25572,5850,20958,5155,648,804,841,594,445,281,548,827,958,693,503,560,15154,56,3
"waller",2659,27,48443,53506,23888,7853,21837,3739,499,462,747,380,313,182,414,607,805,326,269,515,14698,185,NA
"webb",34690,513,269624,40442,16316,83702,102713,22824,1864,1966,2439,1587,1233,960,1913,2421,3297,2269,1646,2064,72379,1120,2
"bexar",152231,2040,1892004,53999,26158,304792,867502,275470,15017,19610,22962,15848,10215,9230,18074,21788,29210,20732,16606,16503,627889,22716,17
"fort bend",44067,439,711421,93645,38382,56959,339159,181856,5796,7341,8799,5170,2691,1887,6562,8115,8994,5447,4201,4046,222331,5194,7
"dallas",234625,2453,2552213,53626,29810,446611,1252101,413649,19273,22981,27370,18482,11126,9850,21479,27443,34838,24713,18468,19361,906179,34917,32
"collin",64721,483,914075,90124,41609,62439,474671,265805,7146,8962,10806,6965,3981,2583,8106,10899,13060,8384,5911,5244,323905,5295,13
"brazos",16634,162,214231,43907,25337,51704,103649,37171,1005,1853,2069,1156,1131,832,1544,1697,2403,1686,1153,1581,77480,2463,5
"el paso",107552,1940,834825,43244,19950,177980,341350,98401,5686,7208,10858,7656,4778,4107,6922,8990,13154,10041,7904,7763,263200,5196,20
"denton",46272,439,781321,80290,37928,64503,419189,194237,5905,7108,8891,5168,2970,1833,6351,8351,10421,6470,4060,4063,275164,3725,14
"montgomery",33006,326,535187,74323,38012,54912,249640,98295,5009,7051,7930,4462,3139,2210,5008,7929,8991,5516,4262,4456,186861,2938,52
"brazoria",26046,277,345995,76426,32343,33043,162270,58070,3374,3508,4646,3095,1871,1129,2826,3670,5671,3706,2522,2338,117088,246,3
"harris",286356,3825,4525519,57791,30856,751985,2180392,746724,32938,42601,49831,30103,19416,15822,38209,47785,57421,39285,29974,29344,1562813,57933,50
"travis",61468,626,1176584,68350,38820,159948,645807,332446,8910,10290,12011,7340,4352,3861,8895,11000,14566,8962,6676,7481,447561,20378,17
"williamson",29796,269,508313,79123,34575,35067,254840,112981,3842,5189,7129,4295,2607,2033,4516,6424,8432,5018,3605,3839,170051,2068,11
"coke",417,10,3238,42500,24623,516,1462,396,48,51,114,75,64,39,51,72,146,85,76,43,1574,0,NA
