"county_name","cases_per_1000","deaths_per_1000","deaths_per_case","commuters_by_public_transportation_per_1000","households_percentage","pop_65_to_more_percentage","num_hospital_per_1000"
"hansford",121.655820679682,3.07302964569776,0.025260029717682,1.62689804772234,0.347794649313088,0.106290672451193,0.180766449746927
"stonewall",123.616236162362,3.690036900369,0.0298507462686567,0,0.422509225092251,0.153136531365314,0.922509225092251
"cochran",73.6698499317872,4.09276944065484,0.0555555555555556,2.38744884038199,0.34106412005457,0.103342428376535,0.34106412005457
"crockett",123.044838373306,3.38894681960375,0.0275423728813559,0,0.367831074035454,0.102971845672576,NA
"mcculloch",57.3357888275015,1.47329650092081,0.0256959314775161,0.245549416820135,0.385880908532842,0.140822590546347,0.122774708410068
"sherman",38.4740789044669,3.58656667753505,0.0932203389830508,2.28236061297685,0.346592761656342,0.106618845777633,0.32605151613955
"briscoe",71.6530483972345,1.88560653676933,0.0263157894736842,0,0.417347580138278,0.144563167818982,NA
"terry",115.640925127401,3.60642885143081,0.0311864406779661,0.940807526460212,0.324735397883183,0.103253626029008,0.0784006272050176
"cottle",117.489986648865,4.67289719626168,0.0397727272727273,1.33511348464619,0.443257676902537,0.176902536715621,NA
"sutton",104.262968669748,1.54083204930663,0.0147783251231527,0,0.403954802259887,0.125834617360041,0.256805341551104
"kimble",51.2184115523466,1.35379061371841,0.026431718061674,0,0.437951263537906,0.212319494584838,0.225631768953069
"menard",84.7856806406029,2.3551577955723,0.0277777777777778,0,0.45407442298634,0.156382477626001,NA
"jim hogg",93.8806537438236,2.09045990117826,0.0222672064777328,3.61079437476245,0.301596351197263,0.151463321930825,NA
"crane",100.70306038048,2.27460711331679,0.0225872689938398,7.03060380479735,0.305831265508685,0.0839536807278743,0.206782464846981
"edwards",98.0577925153955,1.42112742775936,0.0144927536231884,0,0.30033159639981,0.206063477025107,0.473709142586452
"kinney",71.054805838612,0.826218672541999,0.0116279069767442,4.40649958689066,0.3304874690168,0.125034425778023,NA
"winkler",82.1653593930822,1.92876430500193,0.0234741784037559,0,0.324546740388325,0.078950752218079,0.128584287000129
"marion",39.5463510848126,1.9723865877712,0.0498753117206983,0,0.439546351084813,0.174753451676529,3.25443786982248
"armstrong",66.3556246759979,3.1104199066874,0.046875,0,0.363919129082426,0.151892172109901,0.518403317781234
"san augustine",59.0265381411401,3.09413304772105,0.0524193548387097,0,0.38105438533857,0.166607164108057,0.11900511722004
"brooks",94.4697283133361,3.99944835195146,0.0423357664233577,0.137912012136257,0.278858088539512,0.102192800992966,0.137912012136257
"crosby",64.9703138252757,3.73197625106022,0.0574412532637076,0,0.350127226463104,0.124681933842239,0.169635284139101
"somervell",102.080924855491,0.92485549132948,0.00906002265005663,1.38728323699422,0.373872832369942,0.134797687861272,0.115606936416185
"reagan",95.8500669344043,1.87416331994645,0.0195530726256983,0,0.313520749665328,0.0757697456492637,0.267737617135207
"baylor",76.0688506385341,2.49861188228762,0.0328467153284672,0,0.456413103831205,0.16129927817879,0.277623542476402
"martin",102.577970073914,3.24499729583559,0.031634446397188,0,0.294753921038399,0.0811249323958897,0.901388137732107
"san jacinto",23.1083248286922,0.765417699373086,0.0331230283911672,0,0.343125820090392,0.135114448170287,NA
"oldham",80.1728276524244,0.960153624579933,0.0119760479041916,0,0.27892462794047,0.0916946711473836,0.480076812289966
"dickens",61.1510791366906,3.14748201438849,0.0514705882352941,0.899280575539568,0.37410071942446,0.140737410071942,NA
"mills",70.3908328217721,3.27399222426847,0.0465116279069767,0,0.375076734192756,0.185594434213219,NA
"yoakum",94.4464096215069,2.82985496993279,0.0299625468164794,0,0.312698974177573,0.0781747435443934,0.1179106237472
"zavala",99.4075049374589,2.30414746543779,0.0231788079470199,1.31665569453588,0.290980908492429,0.101217906517446,NA
"collingsworth",78.3212161269002,2.64375413086583,0.0337552742616034,0,0.363185723727693,0.142432253800397,0.330469266358229
"schleicher",60.5381165919283,1.92184497117233,0.0317460317460317,3.20307495195388,0.352978859705317,0.115631005765535,0.320307495195388
"refugio",73.4951323186617,2.33100233100233,0.0317164179104478,0,0.369395310571781,0.150692444810092,0.137117784176608
"franklin",53.1064949713319,1.50390074255099,0.0283185840707965,1.69188833536987,0.369489613685497,0.134599116458314,4.13572704201523
"culberson",130.261408949934,1.77226406734603,0.0136054421768707,0,0.325653522374834,0.118298626495348,0.443066016836509
"shackelford",55.8542413381123,0.29868578255675,0.0053475935828877,0,0.375448028673835,0.129032258064516,NA
"knox",55.1558752997602,3.19744204636291,0.0579710144927536,0,0.36664002131628,0.128963495869971,3.46389555022649
"wheeler",76.9780317913913,1.60742989819611,0.0208816705336427,0,0.408465797463833,0.12573673870334,0.357206644043579
"rains",56.1977592032723,1.77841010136938,0.0316455696202532,0,0.385292548461675,0.163435888315846,NA
"upton",80,1.95804195804196,0.0244755244755245,1.3986013986014,0.365874125874126,0.0925874125874126,0.559440559440559
"la salle",109.733081693179,2.02210838500944,0.0184275184275184,0,0.308169317875438,0.114316527365867,0.539228902669183
"sabine",43.3406846293988,2.68482117173267,0.0619469026548673,0.767091763352191,0.3654233387669,0.189855211429667,0.191772940838048
"jack",59.9615341101935,1.3576196402308,0.0226415094339623,0,0.347890032809141,0.110419730738771,0.113134970019233
"goliad",39.8135818908123,1.19840213049268,0.0301003344481605,0,0.366844207723036,0.152063914780293,NA
"newton",33.0584337774019,1.40974131246916,0.0426439232409382,1.69168957496299,0.336998660745753,0.13350250229083,0.140974131246916
"morris",53.6312849162011,1.19712689545092,0.0223214285714286,1.03750997605746,0.400957701516361,0.145650438946528,0.399042298483639
"hemphill",108.622350674374,0.481695568400771,0.00443458980044346,0,0.327071290944123,0.0985067437379576,0.240847784200385
"swisher",90.4389338284047,1.85651770322238,0.0205278592375367,0.795650444238165,0.345047075984617,0.123458427264289,0.132608407373027
"colorado",59.8192511834744,0.812891502892937,0.0135891286970424,4.82953187012863,0.363553770382059,0.143260173098073,0.0956342944579926
"floyd",105.996976314463,4.19956324542248,0.0396196513470681,3.19166806652108,0.389719469175206,0.119267596169998,1.51184276835209
"lynn",98.7035436473639,3.11149524632671,0.031523642732049,0.345721694036301,0.371132238547969,0.11961970613656,0.17286084701815
"hall",113.797549967763,3.54609929078014,0.0311614730878187,0,0.401031592520954,0.151515151515152,0.967117988394584
"hamilton",66.4233576642336,2.55474452554745,0.0384615384615385,0,0.384063260340633,0.169464720194647,3.52798053527981
"karnes",92.1533452926716,1.72745996943725,0.0187454938716655,0.398644608331672,0.285894624941864,0.100857085907913,0.0664407680552787
"donley",84.1829303815904,2.33032333236237,0.027681660899654,0,0.358287212350714,0.161374890766094,NA
"montague",88.2716685561167,2.370400906936,0.0268534734384121,2.370400906936,0.414510975986808,0.148201587137999,0.0515304544986087
"hardeman",79.9498746867168,2.25563909774436,0.0282131661442006,0,0.384210526315789,0.137092731829574,0.75187969924812
"fisher",68.6451612903226,2.58064516129032,0.037593984962406,0,0.437677419354839,0.15458064516129,0.258064516129032
"ochiltree",92.0450209843571,1.81228538725677,0.0196891191709845,0,0.338515833651278,0.0734452499046166,0.095383441434567
"dimmit",83.5335427832194,1.20125669931621,0.0143805309734513,1.38606542228793,0.321197560524857,0.107743485492515,0.0924043614858621
"parmer",112.754533481917,3.2418194711782,0.0287511230907457,4.05227433897275,0.326410698004255,0.0909735589099382,0.101306858474319
"willacy",90.2055954942992,3.15948532441962,0.0350253807106599,0,0.262695178350657,0.0886487476532808,NA
"lipscomb",70.9585121602289,2.86123032904149,0.0403225806451613,0,0.365092989985694,0.103290414878398,NA
"grimes",69.0474449886688,1.90072373711529,0.0275277924827951,0,0.328240368447986,0.107792967322173,0.0365523795599094
"clay",84.2897097116405,1.25373710097406,0.0148741418764302,0,0.393094801813097,0.141768733725528,1.54306104735269
"gillespie",70.5501368595551,1.23366359535834,0.0174863387978142,2.27456725394194,0.416168703496665,0.191217857280543,0.0385519873549482
"carson",54.8649096635173,1.82330515498094,0.0332326283987915,0.663020056356705,0.379910492292392,0.119177855130118,NA
"falls",75.6550407773729,1.27248539533808,0.0168195718654434,3.70177569552895,0.312626525536468,0.115102088032853,0.0578402452426398
"ward",82.8839798225778,1.13063141415898,0.0136411332633788,0,0.343885893198817,0.100452252565664,0.260914941728996
"duval",92.5310477523176,2.79867063145006,0.0302457466918715,0,0.336277768060171,0.123753716984432,0.874584572328144
"archer",78.9264187421813,1.13726828158763,0.0144092219020173,1.59217559422268,0.381098601160014,0.133515296258387,NA
"gonzales",95.4372993481856,1.41064305866329,0.0147808358817533,5.59392937056134,0.341375620196517,0.109203229886176,0.0486428640918377
"delta",41.1832946635731,0.966744006187162,0.0234741784037559,2.12683681361176,0.393464810518175,0.136697602474865,0.386697602474865
"wood",58.9403209049983,1.96236869444765,0.0332941637289463,1.2005079071915,0.372203624610412,0.180999653699642,0.161606833660395
"scurry",130.865905684308,2.65190822091548,0.0202643171806167,1.26830393174219,0.336561743341404,0.106998731696068,0.057650178715554
"concho",63.5044064282011,1.03680663556247,0.0163265306122449,0,0.205028512182478,0.108864696734059,0.259201658890617
"wharton",72.1216509775525,2.02751629254164,0.0281124497991968,1.66545981173063,0.367463190924451,0.115085686700459,0.0241370987207338
"garza",41.2524113369936,2.67101943908592,0.0647482014388489,0,0.254488796557353,0.0727110847306722,NA
"camp",76.4798737174428,2.52565114443567,0.0330237358101135,1.81531176006314,0.373322809786898,0.12336227308603,0.0789265982636148
"nolan",93.3288859239493,2.53502334889927,0.0271622587562545,0,0.370380253502335,0.123882588392262,0.066711140760507
"stephens",67.1649759743727,2.02883075280299,0.0302066772655008,2.13561131873999,0.358889482114255,0.132407901761879,0.320341697810998
"hudspeth",125.877903835764,2.16099405726634,0.0171673819742489,0,0.240410588870881,0.116153430578066,NA
"eastland",53.1786847576321,1.25834336360652,0.0236625514403292,0,0.352172010066747,0.139293139293139,0.0547105810263705
"jackson",87.0154513418271,1.55868799132556,0.0179127725856698,8.20005421523448,0.354567633505015,0.119137977771754,2.16860937923557
"trinity",34.7351702230509,0.828672053035011,0.0238568588469185,1.79545611490919,0.409778330225813,0.173537739106415,0.0690560044195843
"austin",47.9311757476444,0.614502253174928,0.0128205128205128,0.27311211252219,0.376246074013383,0.121603168100505,0.0341390140652738
"blanco",28.6770673640545,0.99197402831635,0.0345911949685535,0,0.381459103616196,0.157363152673821,NA
"lamb",134.575104727708,5.46080191502095,0.0405780989438577,0.598444045481747,0.358318372232196,0.114452423698384,0.0748055056852184
"freestone",50.2901353965184,1.52702840272829,0.0303643724696356,0.356306627303268,0.368115646951033,0.133716787132241,0.0509009467576097
"dawson",120.274914089347,4.50553646429935,0.0374603174603175,0.916380297823597,0.331347842688049,0.104085528827797,0.381825124093165
"frio",112.401883830455,1.25588697017268,0.0111731843575419,0.680272108843537,0.237048665620094,0.0836734693877551,0.0523286237571952
"hutchinson",57.7312937707335,2.62624401032068,0.0454908220271349,0,0.359334684850719,0.107722078879469,0.138223368964246
"cass",49.7709011222525,1.95896141842088,0.0393595730486991,0.830068397635965,0.392157513779135,0.144431901188658,0.332027359054386
"lee",70.1483679525223,2.01780415430267,0.0287648054145516,0,0.363086053412463,0.113946587537092,0.712166172106825
"reeves",102.900412412954,2.23108647150294,0.0216819973718791,0,0.252247988641742,0.0848488945980664,0.0676086809546346
"fannin",72.1875277473585,1.95341403498387,0.027060270602706,0,0.355965312102288,0.129280492497114,0.0591943646964809
"howard",114.987257131896,2.16491737688745,0.0188274547187798,1.56202899345044,0.302321120276232,0.0864596749883533,0.219232139431641
"comal",56.6537567776917,1.47172734314485,0.0259775772491113,0.875290472501936,0.366018590240124,0.123276529821844,0.00774593338497289
"real",78.3204288266826,3.57355568790947,0.0456273764258555,0,0.334425253126861,0.210541989279333,NA
"san saba",83.2336352760212,2.56366433088361,0.0308008213552361,0,0.364894889762434,0.147837976414288,NA
"red river",44.4426455112119,2.50951185946734,0.0564663023679417,0.0809519954666883,0.422407512345179,0.158099247146442,0.0809519954666883
"dewitt",75.8523004786559,2.44212171534629,0.0321957501609788,0.537266777376184,0.354596073068282,0.138810198300283,0.0976848686138517
"mclennan",89.1014162461338,1.39996744261761,0.0157120672330319,1.96158228878398,0.358977698193065,0.0972041347875631,0.012209018394921
"grayson",71.2111363023798,1.78364751954085,0.0250473115885562,1.6092464287413,0.3769441757963,0.121961853725049,0.0317092892362818
"johnson",90.1213063375226,1.32981214062295,0.0147558018704538,0.668027695054722,0.346294319267292,0.0957464741248525,0.149837987675826
"polk",53.0506237493081,1.49018606037382,0.0280898876404494,3.27840933282241,0.375356580235875,0.125835568612424,0.425767445821092
"kendall",46.891281695033,1.09164888602193,0.0232804232804233,0.471393837145834,0.339676474966506,0.132883441671215,NA
"cooke",71.8308416956789,1.22875281589187,0.0171062009978617,0.537579356952693,0.388721073110793,0.129505426991604,0.0511980339954946
"hidalgo",67.2452381604666,2.40370012590243,0.0357452838543973,1.14348469814982,0.276965096320719,0.0730067334572903,0.00714677936343636
"jefferson",62.6026224202,1.03309843110451,0.0165024785091297,2.18011265879469,0.369322868792571,0.0995624062158744,0.216047200421096
"moore",96.1119186046512,2.5890261627907,0.026937618147448,1.90770348837209,0.305459665697674,0.0692678052325581,0.0908430232558139
"palo pinto",81.753175139635,1.77878971148031,0.0217580504786771,1.88551709416913,0.371446867551318,0.130314134263047,0.0355757942296062
"van zandt",58.8355998283806,1.43637957729401,0.0244134432466709,0.22385136269517,0.361034939466861,0.138302833585166,NA
"washington",48.1149219719041,1.99036547725503,0.0413669064748201,0.519225776675224,0.352063922462284,0.142844780338651,1.41344794761589
"cameron",77.8151408492602,2.67966996746795,0.0344363569637287,1.98714424763387,0.290784648299266,0.0894476690916966,0.0166586942915414
"rockwall",90.9372442320879,0.862698254695069,0.00948674288494284,3.61669652929856,0.335844006459177,0.0849757780874643,0.0110602340345522
"parker",89.8200265157229,0.912966506037487,0.0101643980908609,0.817700435842271,0.348848471376515,0.103990854457261,0.00793883918293467
"angelina",77.1379703534778,2.20068415051311,0.0285291943828529,1.43671607753706,0.352690992018244,0.111288483466363,0.0342075256556442
"uvalde",101.166018878401,1.77679067184897,0.017563117453348,0,0.319230057375532,0.112456042939108,0.0370164723301869
"gregg",68.4834929741819,1.79089479911185,0.026150751390368,0.664494902837879,0.369645548694511,0.10464984360059,0.0162071927521434
"tyler",46.5604026845638,0.885533184190902,0.019019019019019,0.139821029082774,0.340790454884415,0.143922445935869,0.093214019388516
"llano",39.8613518197574,1.48551621688537,0.0372670807453416,0,0.429858875959396,0.238920524882397,0.0495172072295123
"comanche",82.8639193596205,2.66824785057812,0.0322003577817531,0,0.378520604802846,0.168025496590572,0.444707975096353
"hartley",54.4579969077478,0.343583576705034,0.00630914826498423,0,0.301322796770314,0.0901906888850713,NA
"castro",105.436573311367,2.78798631352173,0.0264423076923077,0,0.312001013813205,0.0946648080091243,0.126726650614624
"runnels",105.688681083187,2.72744983440483,0.0258064516129032,0,0.36830313656731,0.141632573543737,0.194817845314631
"gray",77.2145283511889,1.74200853584183,0.0225606316976875,0,0.34713875097988,0.109790087971431,0.0435502133960456
"atascosa",78.54338478157,1.86958599056898,0.0238032266596139,0.31159766509483,0.322171212530381,0.0992750160992127,0.0207731776729886
"lampasas",44.5953206662433,0.830361940116251,0.0186199342825849,0.976896400136765,0.378449665412983,0.120158257216822,0.0488448200068383
"harrison",53.6738431973096,1.06597003272978,0.0198601398601399,0.105095637029697,0.35076419541783,0.107933219229499,0.210191274059394
"aransas",36.0422036082474,1.04703608247423,0.0290502793296089,0,0.383738724226804,0.18004993556701,NA
"ellis",99.9622163176754,1.22492260439266,0.0122538560019509,1.98059625088365,0.333501937937255,0.0874996952928845,0.0243765692416449
"lamar",100.321855832878,2.26716058379385,0.0225988700564972,0.384607599036457,0.386328211979515,0.127851662921803,0.0607275156373353
"bell",49.0689616232697,0.635947055921737,0.0129602713178295,1.97321890248614,0.345898735832348,0.0728010793269659,0.0208020065021129
"smith",69.3099151059264,1.39015732621909,0.0200571206023627,0.890780422625823,0.350018220508645,0.110060869995546,0.0314922371635392
"victoria",72.9036910771651,1.46419283638191,0.020083932853717,4.07570095500339,0.357678270941236,0.107541685788588,0.0218536244236107
"kaufman",99.6935186152614,1.34085605823146,0.0134497816593886,1.34956291575245,0.318017970953923,0.0844129836659353,0.0174137150419671
"bee",94.1672522839072,1.61935897827615,0.0171966255678131,0,0.260655687616487,0.0859482416205811,0.0305539429863424
"wilson",59.1039084842707,0.868552060163118,0.0146953405017921,0,0.33375701726512,0.102891642834446,0.105920982946722
"rusk",57.8018330630257,1.22581375174443,0.0212071778140294,0,0.33911665975182,0.108456229019726,0.0377173462075208
"presidio",85.5235711305799,2.64219162842442,0.0308943089430894,3.89375608399388,0.360033375052148,0.146433041301627,NA
"liberty",64.0428621501177,1.38951479645486,0.0216966379984363,0.976415802914226,0.325146462370437,0.0919833758950478,0.0625907565970657
"taylor",98.0638393747553,1.94280902113451,0.0198116760828625,3.08781053549135,0.365240708866744,0.0983445494234363,0.0443226392654261
"bastrop",54.4542126366648,0.70978507209922,0.0130345300708896,0.958832465818245,0.323948397380021,0.0999427190994446,0.0249047393719025
"ector",78.4749332237518,1.72719334292172,0.022009491081656,1.99044585987261,0.330510324635299,0.0684263920279433,0.0128415861927265
"jeff davis",51.8783542039356,0.447227191413238,0.00862068965517241,0,0.450357781753131,0.18649373881932,0.447227191413238
"callahan",68.1551976573938,2.0497803806735,0.0300751879699248,0,0.387335285505124,0.128404099560761,NA
"mitchell",60.9756097560976,2.39343514930476,0.0392523364485981,0.797811716434921,0.300775017095965,0.0996124914520173,0.56986551173923
"andrews",91.3694031973602,2.10502361039995,0.0230386052303861,0,0.307959264948512,0.0718552654036525,0.0568925300108096
"haskell",61.1436445056838,2.92800551153979,0.047887323943662,0,0.366517395797451,0.142783327592146,0.516706854977609
"robertson",63.908650684522,1.49458958569977,0.0233863423760524,0,0.376517008429485,0.126860764034196,0.0597835834279907
"hockley",88.0419370085507,3.91011042839342,0.0444119082479258,0.515618957590341,0.346538907747175,0.0941004597602372,0.0429682464658617
"bandera",38.4687558641396,0.938262338149747,0.024390243902439,0.469131169074873,0.38834678176018,0.170951398010884,NA
"starr",117.628508356985,3.37432986439609,0.028686327077748,1.29296751813308,0.257332071901608,0.0773573005361085,0.0157678965625985
"bosque",55.026455026455,1.11389585073796,0.0202429149797571,0.222779170147591,0.391367307156781,0.166304650515177,0.0556947925368978
"burleson",62.1163900886565,1.25028415548988,0.020128087831656,1.47760854739714,0.373096158217777,0.136962946124119,0.0568310979768129
"jones",128.649406580199,1.7527167109019,0.0136239782016349,0.0500776203114828,0.282187390455206,0.098853222494867,0.150232860934448
"dallam",64.65935895657,2.77507978354378,0.0429184549356223,2.08130983765783,0.337449701678923,0.0718745663937838,0.138753989177189
"bailey",104.536489151874,2.11327134404057,0.0202156334231806,0,0.314173006480699,0.0958016342631727,0.140884756269372
"pecos",83.0802328524424,1.64515312579094,0.0198019801980198,2.27790432801822,0.27967603138446,0.0785876993166287,0.126550240445457
"coleman",68.7485157919734,2.37473284255521,0.0345423143350604,0.356209926383282,0.412016148183329,0.149251959154595,0.118736642127761
"lavaca",93.7610151568558,3.12201017171056,0.033297529538131,1.05745505816003,0.386927841281031,0.15801399869077,0.10071000553905
"live oak",80.2956074067923,1.32857261479698,0.0165460186142709,0,0.297766337291373,0.134850120401893,NA
"deaf smith",127.619148150103,3.16672824193804,0.0248138957816377,2.16393096532433,0.322900723069615,0.084973874492004,0.0527788040323006
"childress",182.899207248018,1.84031710079275,0.010061919504644,0,0.323046432616082,0.109569648924122,0.141562853907135
"zapata",92.8199791883455,1.38744363510232,0.0149476831091181,0,0.309191814082553,0.0860908775580992,NA
"hill",68.3229813664596,1.33910764146105,0.0195996663886572,0.142458259729899,0.361103196763348,0.136418029517351,0.0569833038919597
"milam",64.4225662813023,0.776175497365088,0.0120481927710843,1.10298623309776,0.385514114138649,0.133257077494996,NA
"leon",51.5737357067075,1.65035954261464,0.032,0,0.368089119415301,0.161145821053872,0.176824236708712
"shelby",49.7489197711083,1.7517225271517,0.0352112676056338,1.67386819261162,0.358830627895208,0.114990852115692,0.661761843590642
"limestone",60.4770017035775,1.44804088586031,0.023943661971831,0.127768313458262,0.344974446337308,0.126320272572402,0.127768313458262
"jasper",55.439566640334,1.35424895609976,0.0244274809160305,0.677124478049881,0.337828687507053,0.125747658277847,0.253921679268706
"hardin",72.8662511385352,1.23229689425464,0.0169117647058824,0.660796885324951,0.370385583912275,0.11142464236601,0.142875002232422
"burnet",48.7815714063576,0.755270231245974,0.0154826958105647,0.866339382899793,0.367527822822489,0.148343958948842,0.0444276606615279
"henderson",55.6427020718561,1.33020442481208,0.0239061795218764,0.476865737196782,0.382232986559916,0.145870719188826,0.0627454917364187
"guadalupe",60.4616638721179,0.848305708169582,0.0140304724323139,0.947716533345704,0.344557920060442,0.0928298285494635,0.0132547766901497
"tarrant",98.5635247709428,0.906398477573191,0.00919608424799763,2.85782701299356,0.347799412706214,0.0774511953823081,0.0141152154460786
"hays",74.2135976144896,0.667203851305923,0.00899031811894882,4.1058698541903,0.349229892785473,0.074362435396704,0.0256616865886894
"caldwell",67.5315706393054,1.35655090765588,0.0200876552227904,0.863259668508287,0.318024861878453,0.0948105761641673,0.123322809786898
"orange",70.86248197452,0.96533149006662,0.0136226034308779,0.798484072030414,0.384607133918888,0.106257969943629,0.51245992682549
"maverick",144.768665935863,3.88021784900211,0.0268028846153846,1.02660472238172,0.285639713942684,0.0802839693062588,0.0174000800403682
"titus",96.0384521185403,1.83688464364438,0.0191265540325151,1.74504041146216,0.326812392848396,0.0953343130051433,0.0306147440607397
"anderson",96.5418116958457,1.29876876720869,0.0134529147982063,0.675359758948517,0.286889362217951,0.0994510537343931,0.121218418272811
"erath",84.6011312658475,1.02399063779988,0.0121037463976945,1.38970157987127,0.337112346401404,0.100082894480203,0.0243807294714258
"wise",85.1265672680127,1.32812623523645,0.0156017830609212,0.616630037788354,0.342956978196594,0.103672901481493,0.0474330798298734
"chambers",87.3405798946109,0.33093195529873,0.00378898280384727,0.763689127612453,0.339077972659929,0.0792963877504264,0.0509126085074969
"nueces",89.0583680164247,1.44218430948104,0.0161936979264549,6.12858593410027,0.359449794133071,0.0960656542551411,0.0111580991062363
"young",92.7556974567874,1.76153253330397,0.0189910979228487,0,0.388968402510184,0.139766596939337,0.110095783331498
"hale",164.161380948243,3.90998349118082,0.023817925194072,1.44814203377067,0.324876183856113,0.0890028093955455,0.0868885220262403
"houston",59.5212044290779,1.31296774475907,0.0220588235294118,0,0.364479845945118,0.138561862663574,0.306359140443783
"upshur",64.0645830247371,1.03688342467783,0.0161849710982659,0.987508023502691,0.347133757961783,0.118105959610922,0.0246877005875673
"gaines",65.4633214339585,1.81004575393434,0.0276497695852535,0,0.287395042485796,0.0577706269797375,0.0502790487203982
"brewster",102.494577006508,0.867678958785249,0.00846560846560847,0,0.42646420824295,0.145770065075922,0.108459869848156
"mason",82.4842309558467,0.970402717127608,0.0117647058823529,0,0.393498301795245,0.188258127122756,1.21300339640951
"wilbarger",131.59111933395,3.16065371569534,0.0240187463386057,0,0.397394387912427,0.108464384828862,0.0770891150169596
"panola",52.0912870111139,2.07856112666497,0.0399022801302932,2.03614151183507,0.383133961143633,0.119368796131331,0.0848392296597947
"fayette",57.965789368265,1.72254937307215,0.0297166551485833,0.881304330409005,0.372471257461042,0.167207467051236,0.72106717942555
"brown",89.50168047212,2.14359435784794,0.0239503252513306,1.37613464948263,0.366131209146003,0.130785719956599,0.370497790245322
"hopkins",70.0826630298645,2.39360961897075,0.034154090548054,1.16897213949734,0.369812686130981,0.125608839655988,0.0556653399760639
"kleberg",62.8091312618897,1.99746353836398,0.0318021201413428,0,0.347431832593532,0.0909321496512365,0.0317057704502219
"nacogdoches",53.5995474767241,1.69696228463103,0.0316600114090131,0.626805888917766,0.364235373255263,0.0935163810368287,0.0305758970203788
"midland",83.3984851422603,1.26342387871131,0.0151492425378731,1.21338728945541,0.344283006948831,0.0741104432616351,0.01876372097096
"potter",131.543347356265,2.4911325579477,0.018937731234715,3.90992328631527,0.358434380928813,0.0839313701229069,0.041243916522313
"randall",115.693363563944,1.59323487958821,0.013771186440678,1.60089466266315,0.376233225075066,0.0982750168515228,NA
"galveston",83.7463883630567,0.781483511009266,0.00933154881403822,4.24055992826542,0.36569380791073,0.0955246836704194,0.00934044037062867
"val verde",129.267396275727,3.22606991179353,0.0249565629442426,1.44968964390722,0.310131492976152,0.097312969617772,0.0204181639986932
"hunt",50.452824339585,1.14036447377162,0.0226025894228659,0.199286995416399,0.351863333407143,0.111412501937512,0.022142999490711
"matagorda",70.8142826039626,1.95950359242325,0.0276710222905457,3.91900718484651,0.375870890485521,0.104751796211626,0.0544306553450904
"walker",98.9578920613403,1.31322545115649,0.0132705479452055,0.423621113276286,0.300686266203508,0.0825355135699963,0.0282414075517524
"wichita",101.117030156779,1.97301522257129,0.0195121951219512,3.62731260149646,0.368255702772845,0.0995006753782877,0.045531120520876
"calhoun",62.3711103982402,0.595756381467394,0.00955180014695077,2.01640621419733,0.354383392145181,0.116309976628019,0.412446725631273
"lubbock",152.998570671248,2.17419021480194,0.0142105263157895,4.26114440246677,0.369998188174821,0.0847464451318942,0.0201313908777957
"madison",83.1246870305458,1.50225338007011,0.0180722891566265,0,0.298590743257744,0.100436368838973,2.14607625724301
"jim wells",82.7000338835374,1.69417687206544,0.0204858062628036,0,0.329493199089985,0.102642915920422,0.0242025267437921
"navarro",99.4630900308879,1.47183813926491,0.0147978324301792,1.59621882709011,0.359169966209913,0.11878355687307,0.0207301146375339
"cherokee",67.6629065395201,1.78315307981548,0.0263534803781152,0,0.346648835135869,0.116680234135752,0.251967283017405
"hood",91.1256270525822,1.53379768306326,0.0168316831683168,0.866144573965138,0.38844779674474,0.165686239128081,0.0180446786242737
"kerr",59.4944938042986,1.20170997419279,0.0201986754966887,0.1379011445795,0.40542936506373,0.178562282066941,0.0394003270227143
"bowie",52.0745447749239,1.48448763816949,0.02850697292863,1.33497089763443,0.354258557163454,0.115405564158701,0.0213595343621509
"san patricio",51.594957153753,1.66001166494683,0.0321739130434783,0.942168782807663,0.347645325795983,0.100692419280063,0.0149550600445661
"coryell",56.8730380648395,0.593526603181303,0.0104359925788497,1.4904112479886,0.295760901105278,0.0674905695217494,0.0131894800706956
"tom green",98.7716627033685,1.74499170273553,0.0176669264744089,0.727079876139805,0.36850974287034,0.103861221836347,0.0171077617915248
"medina",67.0058498805306,1.27708659471039,0.0190593298493698,1.15349756941584,0.312144681552278,0.11413446485952,0.0617945126472769
"waller",54.8892512850154,0.557356067956155,0.010154193305754,3.81892120636624,0.303408129141465,0.0804450591416717,NA
"webb",128.660653354301,1.90264961576121,0.0147881233784952,4.15393288431297,0.268444203780079,0.0646826691985877,0.00741773729341602
"bexar",80.4601893019254,1.07822182194118,0.0134006871136628,12.0063171113803,0.331864520370993,0.0832662087395164,0.00898518184950983
"fort bend",61.9422254895484,0.617074840354727,0.0099621031610956,7.30088091298964,0.312516779797054,0.070987502477436,0.0098394621468863
"dallas",91.9300230819293,0.961126677122952,0.0104549813532232,13.6810681553616,0.355056180655768,0.0738794136696271,0.0125381384704176
"collin",70.8049120695785,0.528403030385909,0.00746280187265339,5.79274129584553,0.354352760987884,0.0740770724502913,0.0142220277329541
"brazos",77.6451587305292,0.756193081300092,0.00973908861368282,11.4969355508773,0.361665678636612,0.0603180678799987,0.0233392926327189
"el paso",128.831791093942,2.32384032581679,0.0180377863731032,6.22405893450723,0.315275656574731,0.08105650884916,0.0239571167609978
"denton",59.2227778339504,0.561868937350974,0.00948737897648686,4.76756672353616,0.352177914071169,0.0674869867826412,0.017918371578391
"montgomery",61.6719015970119,0.609132882525174,0.00987699206204933,5.48966996582503,0.349150857550725,0.0901030854635856,0.097162300280089
"brazoria",75.2785444876371,0.80058960389601,0.0106350303309529,0.710992933423893,0.338409514588361,0.0798132920995968,0.00867064552955968
"harris",63.2758364289267,0.845206925437723,0.0133574990571177,12.8014046565709,0.345333430265125,0.0701702942800594,0.0110484565416696
"travis",52.2427637975699,0.532048710504307,0.0101841608641895,17.3196303876306,0.380390180386611,0.065256709253228,0.0144486071542703
"williamson",58.6174266642797,0.52920149592869,0.00902805745737683,4.0683594556897,0.334539938974608,0.080393379669613,0.0216402098706899
"coke",128.783199505868,3.08832612723904,0.0239808153477218,0,0.486102532427424,0.176652254478073,NA
