"county_name","cases_per_1000","deaths_per_1000","deaths_per_case","poverty_percentage","employed_pop_percentage","bachelors_degree_or_higher_25_64_percentage","median_income","income_per_capita"
"hansford",121.655820679682,3.07302964569776,0.025260029717682,0.183839479392625,0.432754880694143,0.0721258134490239,40678,21989
"stonewall",123.616236162362,3.690036900369,0.0298507462686567,0.131918819188192,0.407749077490775,0.0682656826568266,46786,28063
"cochran",73.6698499317872,4.09276944065484,0.0555555555555556,0.244542974079127,0.405525238744884,0.0470668485675307,37500,19195
"crockett",123.044838373306,3.38894681960375,0.0275423728813559,0.205161626694473,0.45177267987487,0.0388425443169969,52310,23296
"mcculloch",57.3357888275015,1.47329650092081,0.0256959314775161,0.159116022099448,0.449109883364027,0.0682627378759975,42367,23398
"sherman",38.4740789044669,3.58656667753505,0.0932203389830508,0.146071079230518,0.522986631887838,0.116400391261819,54961,25358
"briscoe",71.6530483972345,1.88560653676933,0.0263157894736842,0.138277812696417,0.458202388434947,0.105593966059082,42500,23199
"terry",115.640925127401,3.60642885143081,0.0311864406779661,0.124656997255978,0.35719325754606,0.0638181105448844,42441,21938
"cottle",117.489986648865,4.67289719626168,0.0397727272727273,0.242990654205607,0.434579439252336,0.0734312416555407,33534,20566
"sutton",104.262968669748,1.54083204930663,0.0147783251231527,0.0644581407293272,0.469183359013867,0.100667693888033,60996,31603
"kimble",51.2184115523466,1.35379061371841,0.026431718061674,0.217734657039711,0.45735559566787,0.0749097472924188,41095,26982
"menard",84.7856806406029,2.3551577955723,0.0277777777777778,0.0946773433820066,0.477626000942063,0.0588789448893076,37917,23613
"jim hogg",93.8806537438236,2.09045990117826,0.0222672064777328,0.257126567844926,0.312808817939947,0.0547320410490308,31403,17761
"crane",100.70306038048,2.27460711331679,0.0225872689938398,0.113937138130687,0.418320926385442,0.054383788254756,63935,24582
"edwards",98.0577925153955,1.42112742775936,0.0144927536231884,0.0696352439602084,0.420653718616769,0.106110847939365,48462,28968
"kinney",71.054805838612,0.826218672541999,0.0116279069767442,0.0974938033599559,0.37207380886808,0.061140181768108,34926,21395
"winkler",82.1653593930822,1.92876430500193,0.0234741784037559,0.177189147486177,0.42008486562942,0.0482191076250482,55000,23483
"marion",39.5463510848126,1.9723865877712,0.0498753117206983,0.219428007889546,0.358481262327416,0.0758382642998028,36938,25933
"armstrong",66.3556246759979,3.1104199066874,0.046875,0.0725764644893727,0.501814411612234,0.115085536547434,68750,31219
"san augustine",59.0265381411401,3.09413304772105,0.0524193548387097,0.23586814233012,0.296679757229561,0.041294775675354,32394,21066
"brooks",94.4697283133361,3.99944835195146,0.0423357664233577,0.383533305750931,0.343262998207144,0.0602675493035443,24794,13549
"crosby",64.9703138252757,3.73197625106022,0.0574412532637076,0.205089058524173,0.427311280746395,0.0598812553011026,38674,20057
"somervell",102.080924855491,0.92485549132948,0.00906002265005663,0.208670520231214,0.424393063583815,0.0974566473988439,52346,27095
"reagan",95.8500669344043,1.87416331994645,0.0195530726256983,0.178580990629183,0.469076305220884,0.0564926372155288,59760,25273
"baylor",76.0688506385341,2.49861188228762,0.0328467153284672,0.127151582454192,0.39811215991116,0.130205441421433,36157,30820
"martin",102.577970073914,3.24499729583559,0.031634446397188,0.068866053722733,0.455561564809807,0.0892374256354786,71115,28560
"san jacinto",23.1083248286922,0.765417699373086,0.0331230283911672,0.170542353112699,0.372539728823444,0.03801574573553,43421,22308
"oldham",80.1728276524244,0.960153624579933,0.0119760479041916,0.0816130580892943,0.372539606337014,0.102736437830053,62426,25461
"dickens",61.1510791366906,3.14748201438849,0.0514705882352941,0.155125899280576,0.335881294964029,0.0818345323741007,43088,24171
"mills",70.3908328217721,3.27399222426847,0.0465116279069767,0.143851033353796,0.420503376304481,0.109064865970943,46318,24858
"yoakum",94.4464096215069,2.82985496993279,0.0299625468164794,0.122980780568329,0.442754392170735,0.067326966159651,62500,23681
"zavala",99.4075049374589,2.30414746543779,0.0231788079470199,0.35533245556287,0.361833443054641,0.0366194865042791,25988,13105
"collingsworth",78.3212161269002,2.64375413086583,0.0337552742616034,0.147058823529412,0.458030403172505,0.076668869795109,46348,21356
"schleicher",60.5381165919283,1.92184497117233,0.0317460317460317,0.102498398462524,0.472453555413197,0.0916079436258808,63432,28112
"refugio",73.4951323186617,2.33100233100233,0.0317164179104478,0.161936103112574,0.406005758946935,0.0499108734402852,50338,23959
"franklin",53.1064949713319,1.50390074255099,0.0283185840707965,0.148698185919729,0.413290722812294,0.081304633894163,43967,23642
"culberson",130.261408949934,1.77226406734603,0.0136054421768707,0.292423571112096,0.431546300398759,0.0420912715994683,33125,16763
"shackelford",55.8542413381123,0.29868578255675,0.0053475935828877,0.175029868578256,0.450418160095579,0.135902031063321,46685,24296
"knox",55.1558752997602,3.19744204636291,0.0579710144927536,0.140953903543832,0.400746069810818,0.0945909938715694,46319,21046
"wheeler",76.9780317913913,1.60742989819611,0.0208816705336427,0.18860510805501,0.455617074477585,0.0705483121986069,50910,25809
"rains",56.1977592032723,1.77841010136938,0.0316455696202532,0.130001778410101,0.409123243820025,0.0529077005157389,48308,23976
"upton",80,1.95804195804196,0.0244755244755245,0.176223776223776,0.391048951048951,0.046993006993007,52750,25290
"la salle",109.733081693179,2.02210838500944,0.0184275184275184,0.0721218657320032,0.366136424912375,0.0727959018603397,44601,26268
"sabine",43.3406846293988,2.68482117173267,0.0619469026548673,0.197238469651932,0.324000383545882,0.0646274810624221,33561,20876
"jack",59.9615341101935,1.3576196402308,0.0226415094339623,0.15782328317683,0.357506505260776,0.057811969679828,52829,25553
"goliad",39.8135818908123,1.19840213049268,0.0301003344481605,0.161784287616511,0.39866844207723,0.0838881491344873,56737,30075
"newton",33.0584337774019,1.40974131246916,0.0426439232409382,0.155212518502855,0.35039120321421,0.0447592866708959,40180,20800
"morris",53.6312849162011,1.19712689545092,0.0223214285714286,0.155227454110136,0.402553870710295,0.0867517956903432,40227,22803
"hemphill",108.622350674374,0.481695568400771,0.00443458980044346,0.0874277456647399,0.457129094412331,0.0876685934489403,68679,29470
"swisher",90.4389338284047,1.85651770322238,0.0205278592375367,0.202227821243867,0.358573133536666,0.0639172523537992,37883,18878
"colorado",59.8192511834744,0.812891502892937,0.0135891286970424,0.117917085066705,0.453832544350404,0.0920480084158179,50241,26689
"floyd",105.996976314463,4.19956324542248,0.0396196513470681,0.180749202082983,0.410549302872501,0.0760960860070553,48767,24347
"lynn",98.7035436473639,3.11149524632671,0.031523642732049,0.178392394122731,0.418150388936906,0.088504753673293,44922,26758
"hall",113.797549967763,3.54609929078014,0.0311614730878187,0.216956802063185,0.362669245647969,0.058027079303675,31324,20022
"hamilton",66.4233576642336,2.55474452554745,0.0384615384615385,0.154866180048662,0.436009732360097,0.107907542579075,46611,26522
"karnes",92.1533452926716,1.72745996943725,0.0187454938716655,0.157929705667398,0.360972692844329,0.068168228024716,53051,27011
"donley",84.1829303815904,2.33032333236237,0.027681660899654,0.136323914943198,0.413923681910865,0.0710748616370521,44429,23212
"montague",88.2716685561167,2.370400906936,0.0268534734384121,0.151911779861898,0.409048747809956,0.0743069153869937,46592,26278
"hardeman",79.9498746867168,2.25563909774436,0.0282131661442006,0.13734335839599,0.424812030075188,0.0754385964912281,37995,21517
"fisher",68.6451612903226,2.58064516129032,0.037593984962406,0.171870967741935,0.445935483870968,0.0908387096774194,45294,27750
"ochiltree",92.0450209843571,1.81228538725677,0.0196891191709845,0.1288630293781,0.446299122472339,0.0881342998855399,50120,24157
"dimmit",83.5335427832194,1.20125669931621,0.0143805309734513,0.299112918129736,0.351598595453705,0.0404731103308076,31384,17939
"parmer",112.754533481917,3.2418194711782,0.0287511230907457,0.169790294802958,0.44686455273022,0.0769932124404822,50410,21876
"willacy",90.2055954942992,3.15948532441962,0.0350253807106599,0.327716470534365,0.293740555886259,0.045789642382893,29104,13369
"lipscomb",70.9585121602289,2.86123032904149,0.0403225806451613,0.103290414878398,0.472961373390558,0.0915593705293276,59583,29995
"grimes",69.0474449886688,1.90072373711529,0.0275277924827951,0.162438774764237,0.380254404561737,0.0617369690766869,49745,23585
"clay",84.2897097116405,1.25373710097406,0.0148741418764302,0.148423184492236,0.421737872504581,0.0897868646928344,46863,27593
"gillespie",70.5501368595551,1.23366359535834,0.0174863387978142,0.12240255985196,0.454913450788388,0.139635298199622,56267,32557
"carson",54.8649096635173,1.82330515498094,0.0332326283987915,0.0631526603679761,0.480026520802254,0.145035637328029,67010,31788
"falls",75.6550407773729,1.27248539533808,0.0168195718654434,0.22656024061542,0.333969576031002,0.0521719012088611,38834,17755
"ward",82.8839798225778,1.13063141415898,0.0136411332633788,0.114193772830057,0.419464254652983,0.0621847277787441,63333,26860
"duval",92.5310477523176,2.79867063145006,0.0302457466918715,0.238849046702816,0.345460906069617,0.0378695119818086,35443,19085
"archer",78.9264187421813,1.13726828158763,0.0144092219020173,0.0874559308540885,0.494029341521665,0.133970203571022,63192,31103
"gonzales",95.4372993481856,1.41064305866329,0.0147808358817533,0.168742095534585,0.434818562116937,0.062652008950287,47516,23635
"delta",41.1832946635731,0.966744006187162,0.0234741784037559,0.225831399845321,0.382830626450116,0.08584686774942,42642,22732
"wood",58.9403209049983,1.96236869444765,0.0332941637289463,0.128823733117858,0.3684635807457,0.0692138981876948,48038,25955
"scurry",130.865905684308,2.65190822091548,0.0202643171806167,0.114608555286521,0.390407010261732,0.0755217341173758,54565,24140
"concho",63.5044064282011,1.03680663556247,0.0163265306122449,0.0572835666148263,0.265163297045101,0.0552099533437014,46696,17513
"wharton",72.1216509775525,2.02751629254164,0.0281124497991968,0.171904417089066,0.452980931692011,0.0732078204199855,50145,25867
"garza",41.2524113369936,2.67101943908592,0.0647482014388489,0.0958599198694168,0.362813473809171,0.0546075085324232,53832,20635
"camp",76.4798737174428,2.52565114443567,0.0330237358101135,0.17292817679558,0.416258879242305,0.0791633780584057,41811,21069
"nolan",93.3288859239493,2.53502334889927,0.0271622587562545,0.16310873915944,0.421347565043362,0.0602401601067378,42019,23686
"stephens",67.1649759743727,2.02883075280299,0.0302066772655008,0.199679658302189,0.398291510945008,0.0811532301121196,45862,23044
"hudspeth",125.877903835764,2.16099405726634,0.0171673819742489,0.299567801188547,0.292544570502431,0.0410588870880605,26346,12543
"eastland",53.1786847576321,1.25834336360652,0.0236625514403292,0.165390086442718,0.37805011489222,0.0623700623700624,32135,20433
"jackson",87.0154513418271,1.55868799132556,0.0179127725856698,0.132962862564381,0.458118731363513,0.0931824342640282,58504,26809
"trinity",34.7351702230509,0.828672053035011,0.0238568588469185,0.182515019680961,0.341550997859264,0.0475795870450936,37398,20369
"austin",47.9311757476444,0.614502253174928,0.0128205128205128,0.13283490372798,0.461183941007784,0.119247576130001,62614,30101
"blanco",28.6770673640545,0.99197402831635,0.0345911949685535,0.106411759401208,0.460456308053026,0.128956623681125,58500,31249
"lamb",134.575104727708,5.46080191502095,0.0405780989438577,0.200927588270497,0.424222022740874,0.0822860562537403,43712,21760
"freestone",50.2901353965184,1.52702840272829,0.0303643724696356,0.158912755777257,0.377786826834979,0.0602667209610099,45890,24060
"dawson",120.274914089347,4.50553646429935,0.0374603174603175,0.15868652157312,0.379381443298969,0.0660557464681176,43201,21360
"frio",112.401883830455,1.25588697017268,0.0111731843575419,0.168864468864469,0.358922030350602,0.0361590790162219,37382,16833
"hutchinson",57.7312937707335,2.62624401032068,0.0454908220271349,0.163149649834132,0.42153520088463,0.0714154072981939,50035,25154
"cass",49.7709011222525,1.95896141842088,0.0393595730486991,0.181652168138655,0.398134006242114,0.0732120326714921,41432,22145
"lee",70.1483679525223,2.01780415430267,0.0287648054145516,0.133590504451039,0.468486646884273,0.0910385756676558,55741,26740
"reeves",102.900412412954,2.23108647150294,0.0216819973718791,0.109323237103644,0.347508620106822,0.0535460753160706,49390,18992
"fannin",72.1875277473585,1.95341403498387,0.027060270602706,0.135555095154941,0.39680942374286,0.0815994317340989,47875,23212
"howard",114.987257131896,2.16491737688745,0.0188274547187798,0.119043051711381,0.394426022854951,0.0696610123044038,50855,22994
"comal",56.6537567776917,1.47172734314485,0.0259775772491113,0.0916111541440744,0.463462432223083,0.185135553834237,73655,35841
"real",78.3204288266826,3.57355568790947,0.0456273764258555,0.195652173913043,0.381477069684336,0.10184633710542,36493,20873
"san saba",83.2336352760212,2.56366433088361,0.0308008213552361,0.15330712698684,0.423004614595796,0.0663134506921894,40301,22481
"red river",44.4426455112119,2.50951185946734,0.0564663023679417,0.161499230956043,0.386141018376103,0.070104428074152,35356,21177
"dewitt",75.8523004786559,2.44212171534629,0.0321957501609788,0.145306242063104,0.389029989254664,0.0763407248217251,50960,28116
"mclennan",89.1014162461338,1.39996744261761,0.0157120672330319,0.185947419827446,0.458212599706984,0.107036464268273,46262,24273
"grayson",71.2111363023798,1.78364751954085,0.0250473115885562,0.139560509251185,0.454814262838298,0.100581865457486,52683,26535
"johnson",90.1213063375226,1.32981214062295,0.0147558018704538,0.107390134417161,0.451218370137289,0.0954218251515549,60458,26574
"polk",53.0506237493081,1.49018606037382,0.0280898876404494,0.172861583003364,0.382935240771491,0.0603099587005578,43267,23023
"kendall",46.891281695033,1.09164888602193,0.0232804232804233,0.055947005408624,0.462462164442019,0.196993003523049,81023,39517
"cooke",71.8308416956789,1.22875281589187,0.0171062009978617,0.136007577309031,0.47931599426582,0.107003891050584,60027,29067
"hidalgo",67.2452381604666,2.40370012590243,0.0357452838543973,0.314328458832764,0.373631242860665,0.0857244273345253,37097,15883
"jefferson",62.6026224202,1.03309843110451,0.0165024785091297,0.181566067233889,0.413706820020898,0.0987924925561919,46315,25370
"moore",96.1119186046512,2.5890261627907,0.026937618147448,0.167014898255814,0.481059229651163,0.0610010901162791,52469,21372
"palo pinto",81.753175139635,1.77878971148031,0.0217580504786771,0.179586609271052,0.417090611547903,0.0702977693977018,45067,24840
"van zandt",58.8355998283806,1.43637957729401,0.0244134432466709,0.139701904602011,0.417557408547391,0.0820042158673308,50061,25394
"washington",48.1149219719041,1.99036547725503,0.0413669064748201,0.123979577119451,0.429717021951712,0.107623965154181,55793,28517
"cameron",77.8151408492602,2.67966996746795,0.0344363569637287,0.309166327543247,0.366343725978758,0.0815133709819824,36095,16085
"rockwall",90.9372442320879,0.862698254695069,0.00948674288494284,0.0577565421284314,0.490355475921871,0.218107815161369,93269,38933
"parker",89.8200265157229,0.912966506037487,0.0101643980908609,0.0900184974952962,0.465422385938728,0.150131387788478,70608,33367
"angelina",77.1379703534778,2.20068415051311,0.0285291943828529,0.18497149372862,0.412360319270239,0.0819042189281642,46472,21974
"uvalde",101.166018878401,1.77679067184897,0.017563117453348,0.175272996483435,0.429576161391819,0.0671478808069591,40781,19146
"gregg",68.4834929741819,1.79089479911185,0.026150751390368,0.170402424596036,0.447618353025073,0.0990340513119723,47970,25144
"tyler",46.5604026845638,0.885533184190902,0.019019019019019,0.137350857568978,0.314410887397465,0.0556487695749441,44396,21172
"llano",39.8613518197574,1.48551621688537,0.0372670807453416,0.123545432037633,0.379301807378064,0.101312205991582,50524,35680
"comanche",82.8639193596205,2.66824785057812,0.0322003577817531,0.178402016009487,0.404239549362585,0.0793062555588497,42419,22751
"hartley",54.4579969077478,0.343583576705034,0.00630914826498423,0.0596117505583233,0.352001374334307,0.092080398556949,64427,20676
"castro",105.436573311367,2.78798631352173,0.0264423076923077,0.156127233557217,0.416803953871499,0.068812571283741,44643,22292
"runnels",105.688681083187,2.72744983440483,0.0258064516129032,0.15819209039548,0.407558932398208,0.0990648743424898,41226,22190
"gray",77.2145283511889,1.74200853584183,0.0225606316976875,0.138010626252069,0.413639926835641,0.0617542025955927,48314,23457
"atascosa",78.54338478157,1.86958599056898,0.0238032266596139,0.144602089781674,0.419784374415754,0.0709404017532562,55194,23973
"lampasas",44.5953206662433,0.830361940116251,0.0186199342825849,0.11864406779661,0.420651589898891,0.0927563131929859,54467,26405
"harrison",53.6738431973096,1.06597003272978,0.0198601398601399,0.174233552532805,0.414422124132961,0.094856319250518,48644,25123
"aransas",36.0422036082474,1.04703608247423,0.0290502793296089,0.174935567010309,0.418290914948454,0.0711984536082474,44601,29999
"ellis",99.9622163176754,1.22492260439266,0.0122538560019509,0.103685737269337,0.478981303171392,0.116654072105892,67371,28612
"lamar",100.321855832878,2.26716058379385,0.0225988700564972,0.174976215056375,0.427805105159815,0.0836015465273982,42198,23625
"bell",49.0689616232697,0.635947055921737,0.0129602713178295,0.138692920780016,0.402254343161786,0.121593671435279,52583,25017
"smith",69.3099151059264,1.39015732621909,0.0200571206023627,0.159431700085929,0.44308677910895,0.122014423444621,50742,26270
"victoria",72.9036910771651,1.46419283638191,0.020083932853717,0.145632553158941,0.470694289647938,0.100187941170043,55740,28181
"kaufman",99.6935186152614,1.34085605823146,0.0134497816593886,0.122531605892801,0.462734649810191,0.112292341448125,63926,26631
"bee",94.1672522839072,1.61935897827615,0.0171966255678131,0.150508723150723,0.309358672736717,0.0436310305844969,45415,17504
"wilson",59.1039084842707,0.868552060163118,0.0146953405017921,0.0996716449528652,0.44491049676941,0.109352822794196,71942,29862
"rusk",57.8018330630257,1.22581375174443,0.0212071778140294,0.142873307434089,0.383585410930487,0.0751518123184853,49270,23521
"presidio",85.5235711305799,2.64219162842442,0.0308943089430894,0.263245723821443,0.337366152134613,0.0853845084132944,26486,15329
"liberty",64.0428621501177,1.38951479645486,0.0216966379984363,0.147476340694006,0.359083170597366,0.0495969155275149,48344,22153
"taylor",98.0638393747553,1.94280902113451,0.0198116760828625,0.153526235308892,0.464442162649312,0.110969114507539,49161,25419
"bastrop",54.4542126366648,0.70978507209922,0.0130345300708896,0.128533359898389,0.417154384479366,0.10478669090728,59185,25172
"ector",78.4749332237518,1.72719334292172,0.022009491081656,0.121237415245531,0.46599547976166,0.0763432299157592,59528,27728
"jeff davis",51.8783542039356,0.447227191413238,0.00862068965517241,0.0648479427549195,0.40742397137746,0.149373881932021,46534,25167
"callahan",68.1551976573938,2.0497803806735,0.0300751879699248,0.154392386530015,0.375402635431918,0.0771595900439239,40945,22205
"mitchell",60.9756097560976,2.39343514930476,0.0392523364485981,0.0565306587645316,0.319238659676316,0.0599498518349669,52194,19741
"andrews",91.3694031973602,2.10502361039995,0.0230386052303861,0.118450247482506,0.45821243670706,0.0468794447289071,70753,29903
"haskell",61.1436445056838,2.92800551153979,0.047887323943662,0.165001722356183,0.375473647950396,0.0649328281088529,43529,21120
"robertson",63.908650684522,1.49458958569977,0.0233863423760524,0.149757876487117,0.429246129012973,0.077180606205536,52189,23337
"hockley",88.0419370085507,3.91011042839342,0.0444119082479258,0.1441154986465,0.444162763717613,0.0675031151978688,49184,22673
"bandera",38.4687558641396,0.938262338149747,0.024390243902439,0.162647776318259,0.407299680990805,0.11854944642522,56413,29177
"starr",117.628508356985,3.37432986439609,0.028686327077748,0.346389151687165,0.337795648060549,0.0484705140334279,27133,13167
"bosque",55.026455026455,1.11389585073796,0.0202429149797571,0.152436647173489,0.416318574213311,0.0780284043441938,48677,25763
"burleson",62.1163900886565,1.25028415548988,0.020128087831656,0.14889747669925,0.437428961127529,0.0747897249374858,52510,27112
"jones",128.649406580199,1.7527167109019,0.0136239782016349,0.101206870649507,0.253242525915168,0.0624968701487305,48601,17960
"dallam",64.65935895657,2.77507978354378,0.0429184549356223,0.158040793672818,0.485777716109338,0.0604967392812543,45580,25221
"bailey",104.536489151874,2.11327134404057,0.0202156334231806,0.215412792335869,0.444773175542406,0.0793181177796562,43523,18662
"pecos",83.0802328524424,1.64515312579094,0.0198019801980198,0.0999746899519109,0.386168058719312,0.0520754239433055,50543,19088
"coleman",68.7485157919734,2.37473284255521,0.0345423143350604,0.201971028259321,0.393018285442888,0.0632866302540964,40804,26436
"lavaca",93.7610151568558,3.12201017171056,0.033297529538131,0.102220655622136,0.445289289490911,0.088121254846669,51708,29946
"live oak",80.2956074067923,1.32857261479698,0.0165460186142709,0.141409947687453,0.357136926015112,0.0634393423565557,51480,22847
"deaf smith",127.619148150103,3.16672824193804,0.0248138957816377,0.17802290600095,0.454900511954399,0.0619623159339209,51543,21209
"childress",182.899207248018,1.84031710079275,0.010061919504644,0.159116647791619,0.356030577576444,0.104898074745187,40432,18694
"zapata",92.8199791883455,1.38744363510232,0.0149476831091181,0.338050641692681,0.356989247311828,0.0486992715920916,34550,17817
"hill",68.3229813664596,1.33910764146105,0.0195996663886572,0.170009687161662,0.41537979372044,0.0724827625505727,45970,23342
"milam",64.4225662813023,0.776175497365088,0.0120481927710843,0.157073409861514,0.389190734915642,0.0728379427264186,41768,22911
"leon",51.5737357067075,1.65035954261464,0.032,0.161558410939526,0.387480844041023,0.0676647412472003,44875,27096
"shelby",49.7489197711083,1.7517225271517,0.0352112676056338,0.227801782864261,0.367161041690996,0.0722877496204601,38121,20686
"limestone",60.4770017035775,1.44804088586031,0.023943661971831,0.198935264054514,0.375809199318569,0.0612436115843271,40356,21093
"jasper",55.439566640334,1.35424895609976,0.0244274809160305,0.162848436970996,0.353825753300982,0.050248278975285,41960,21402
"hardin",72.8662511385352,1.23229689425464,0.0169117647058824,0.119104173736003,0.429625131712893,0.0926544389477256,56131,29693
"burnet",48.7815714063576,0.755270231245974,0.0154826958105647,0.121576293400271,0.434658018082058,0.106093253659729,57173,29247
"henderson",55.6427020718561,1.33020442481208,0.0239061795218764,0.17597600612396,0.39011382032201,0.0859487745805464,44888,24315
"guadalupe",60.4616638721179,0.848305708169582,0.0140304724323139,0.104540423755211,0.465037212785558,0.148380597657881,66187,29300
"tarrant",98.5635247709428,0.906398477573191,0.00919608424799763,0.133376183094509,0.491485248339572,0.16786519969249,62532,30857
"hays",74.2135976144896,0.667203851305923,0.00899031811894882,0.147487977499833,0.508455525730973,0.178528353597512,62815,29253
"caldwell",67.5315706393054,1.35655090765588,0.0200876552227904,0.168187647987372,0.44983228097869,0.0685674822415154,51346,23366
"orange",70.86248197452,0.96533149006662,0.0136226034308779,0.140139913477696,0.437891048636022,0.0827324840005244,53667,27938
"maverick",144.768665935863,3.88021784900211,0.0268028846153846,0.243131318404065,0.367367889892294,0.0604478780602391,37734,16658
"titus",96.0384521185403,1.83688464364438,0.0191265540325151,0.189597109968161,0.438005143277002,0.0716691158461915,46980,21090
"anderson",96.5418116958457,1.29876876720869,0.0134529147982063,0.120092818674563,0.330787746549604,0.062496753078082,42313,17466
"erath",84.6011312658475,1.02399063779988,0.0121037463976945,0.214721084454847,0.465086795396918,0.126755412521943,47013,23511
"wise",85.1265672680127,1.32812623523645,0.0156017830609212,0.127152275997281,0.438534634053789,0.0945499391275476,59081,27447
"chambers",87.3405798946109,0.33093195529873,0.00378898280384727,0.128070666700608,0.425451212992898,0.112007738716493,74368,31412
"nueces",89.0583680164247,1.44218430948104,0.0161936979264549,0.162933352674038,0.460595173006327,0.107681235424733,53317,26780
"young",92.7556974567874,1.76153253330397,0.0189910979228487,0.161785753605637,0.454035010459099,0.0974898161400418,46351,25661
"hale",164.161380948243,3.90998349118082,0.023817925194072,0.184145741014279,0.413212847916124,0.0769253048338981,46012,19205
"houston",59.5212044290779,1.31296774475907,0.0220588235294118,0.211519103680686,0.334456650181627,0.0697185872467066,33552,17884
"upshur",64.0645830247371,1.03688342467783,0.0161849710982659,0.136103293339258,0.412778353824125,0.0836419295906779,48796,24088
"gaines",65.4633214339585,1.81004575393434,0.0276497695852535,0.109608326210468,0.408969782291719,0.0487706772587863,58167,22656
"brewster",102.494577006508,0.867678958785249,0.00846560846560847,0.106399132321041,0.450216919739696,0.194360086767896,38906,26073
"mason",82.4842309558467,0.970402717127608,0.0117647058823529,0.125667151868025,0.527171276079573,0.0819990295972829,40949,24519
"wilbarger",131.59111933395,3.16065371569534,0.0240187463386057,0.161193339500463,0.487897008942337,0.0728492136910268,43913,21938
"panola",52.0912870111139,2.07856112666497,0.0399022801302932,0.14889284805294,0.418045304148638,0.0749978790192585,49704,26205
"fayette",57.965789368265,1.72254937307215,0.0297166551485833,0.0889316187958178,0.465729279333413,0.0912550574850779,56941,30405
"brown",89.50168047212,2.14359435784794,0.0239503252513306,0.156482388122899,0.403260380554159,0.0847646015825548,43062,24040
"hopkins",70.0826630298645,2.39360961897075,0.034154090548054,0.175679812964458,0.428845779175596,0.0840268306938685,47832,24236
"kleberg",62.8091312618897,1.99746353836398,0.0318021201413428,0.222035510462904,0.433830057070387,0.109162967660114,41700,19806
"nacogdoches",53.5995474767241,1.69696228463103,0.0316600114090131,0.227698705110761,0.431104860038831,0.111189249514608,41482,22589
"midland",83.3984851422603,1.26342387871131,0.0151492425378731,0.0857752231319152,0.503311796751374,0.138413715029115,75815,38545
"potter",131.543347356265,2.4911325579477,0.018937731234715,0.203909923286315,0.436022436690588,0.0732904396601501,41852,21941
"randall",115.693363563944,1.59323487958821,0.013771186440678,0.0938093633188308,0.525767510264109,0.157362583491636,65564,32922
"galveston",83.7463883630567,0.781483511009266,0.00933154881403822,0.136124464481419,0.46414516289728,0.161533575769652,65702,33870
"val verde",129.267396275727,3.22606991179353,0.0249565629442426,0.20109849722313,0.381145867363607,0.0910854295981705,44609,20160
"hunt",50.452824339585,1.14036447377162,0.0226025894228659,0.181904740816191,0.429053829631762,0.0947609663204978,49319,23942
"matagorda",70.8142826039626,1.95950359242325,0.0276710222905457,0.203135205747877,0.435690180709776,0.065942738950577,44896,23294
"walker",98.9578920613403,1.31322545115649,0.0132705479452055,0.178669264876161,0.339518201587167,0.100765342144652,41456,17194
"wichita",101.117030156779,1.97301522257129,0.0195121951219512,0.167152331952223,0.421557467862617,0.11313724597429,45776,23263
"calhoun",62.3711103982402,0.595756381467394,0.00955180014695077,0.156225654186334,0.443426057467577,0.0775399844186793,58788,26909
"lubbock",152.998570671248,2.17419021480194,0.0142105263157895,0.179887398420357,0.487025318579261,0.136410304587944,49078,26196
"madison",83.1246870305458,1.50225338007011,0.0180722891566265,0.108448386866013,0.303955933900851,0.0644538235925317,44004,17436
"jim wells",82.7000338835374,1.69417687206544,0.0204858062628036,0.227068105910257,0.394065540442422,0.0578924439711506,41103,20631
"navarro",99.4630900308879,1.47183813926491,0.0147978324301792,0.18476751176434,0.421339580007877,0.0734467961607828,45103,22152
"cherokee",67.6629065395201,1.78315307981548,0.0263534803781152,0.176183277125247,0.397836957785789,0.0833042601852929,44294,21102
"hood",91.1256270525822,1.53379768306326,0.0168316831683168,0.121296329712368,0.413313363888989,0.122270742358079,60275,32578
"kerr",59.4944938042986,1.20170997419279,0.0201986754966887,0.133173105336774,0.423061011406395,0.101495242410512,48698,28484
"bowie",52.0745447749239,1.48448763816949,0.02850697292863,0.168206333101938,0.391605702995675,0.0967586906605436,46283,24761
"san patricio",51.594957153753,1.66001166494683,0.0321739130434783,0.150462859108379,0.431737628426578,0.0698401304081236,53332,24613
"coryell",56.8730380648395,0.593526603181303,0.0104359925788497,0.107810810097866,0.307394022527632,0.0808647023134348,50865,21171
"tom green",98.7716627033685,1.74499170273553,0.0176669264744089,0.122654098164337,0.456896994166253,0.11865088190512,49662,27513
"medina",67.0058498805306,1.27708659471039,0.0190593298493698,0.12049929966219,0.431696465353877,0.106183570898904,59305,25572
"waller",54.8892512850154,0.557356067956155,0.010154193305754,0.162108044505914,0.450777202072539,0.0771834940032616,53506,23888
"webb",128.660653354301,1.90264961576121,0.0147881233784952,0.310439723466754,0.38094902530932,0.0846512179924636,40442,16316
"bexar",80.4601893019254,1.07822182194118,0.0134006871136628,0.161094796839753,0.458509601459616,0.145596943769675,53999,26158
"fort bend",61.9422254895484,0.617074840354727,0.0099621031610956,0.0800637034892138,0.476734591753687,0.255623604026308,93645,38382
"dallas",91.9300230819293,0.961126677122952,0.0104549813532232,0.174989705012865,0.490594241154637,0.162074638754681,53626,29810
"collin",70.8049120695785,0.528403030385909,0.00746280187265339,0.0683083992013784,0.519291086617619,0.290791237042912,90124,41609
"brazos",77.6451587305292,0.756193081300092,0.00973908861368282,0.241346957256419,0.483818868417736,0.173508969290159,43907,25337
"el paso",128.831791093942,2.32384032581679,0.0180377863731032,0.21319438205612,0.40888809031833,0.117870212319947,43244,19950
"denton",59.2227778339504,0.561868937350974,0.00948737897648686,0.082556337280068,0.536513161683866,0.24860076716228,80290,37928
"montgomery",61.6719015970119,0.609132882525174,0.00987699206204933,0.102603389095774,0.466453781575412,0.183664775115987,74323,38012
"brazoria",75.2785444876371,0.80058960389601,0.0106350303309529,0.0955013800777468,0.468995216693883,0.16783479530051,76426,32343
"harris",63.2758364289267,0.845206925437723,0.0133574990571177,0.166165471849748,0.481799325116081,0.165002953252434,57791,30856
"travis",52.2427637975699,0.532048710504307,0.0101841608641895,0.13594269512419,0.548883037675168,0.282551862000503,68350,38820
"williamson",58.6174266642797,0.52920149592869,0.00902805745737683,0.068987021775953,0.501344643949692,0.222266595581856,79123,34575
"coke",128.783199505868,3.08832612723904,0.0239808153477218,0.159357628165534,0.451513279802347,0.122297714638666,42500,24623
